   t/P,   v1r (km/s),    v2r (km/s),        Mbol,     dS (W),  y1p (AU),   z1p (AU),   y2p (AU),   z2p (AU),  ycmp (AU),  zcmp (AU)
0,112.824499,-118.868669,-2.457487,0,-0.01960575,0.0005505535,0.02065606,-0.0005800475,0,0
0.000999,114.247269,-120.367658,-2.457487,0,-0.01985318,0.0005472202,0.02091674,-0.0005765355,0,0
0.001998,115.660271,-121.856357,-2.457487,0,-0.0200993,0.0005438508,0.02117605,-0.0005729856,0,0
0.002997,117.063333,-123.334583,-2.457487,0,-0.02034411,0.0005404455,0.02143397,-0.000569398,0,0
0.003996,118.456281,-124.802153,-2.457487,0,-0.02058757,0.0005370047,0.02169048,-0.0005657728,0,0
0.004995,119.838946,-126.25889,-2.457487,0,-0.02082969,0.0005335284,0.02194556,-0.0005621103,0,0
0.005994,121.211161,-127.704617,-2.457487,0,-0.02107043,0.000530017,0.02219921,-0.0005584108,0,0
0.006993,122.572761,-129.139159,-2.457487,0,-0.0213098,0.0005264707,0.02245139,-0.0005546745,0,0
0.007992,123.923581,-130.562344,-2.457487,0,-0.02154776,0.0005228897,0.0227021,-0.0005509017,0,0
0.008991,125.263462,-131.974004,-2.457487,0,-0.02178431,0.0005192743,0.02295132,-0.0005470926,0,0
0.00999,126.592244,-133.373972,-2.457487,0,-0.02201942,0.0005156247,0.02319903,-0.0005432474,0,0
0.010989,127.909773,-134.762082,-2.457487,0,-0.02225309,0.0005119411,0.02344522,-0.0005393665,0,0
0.011988,129.215894,-136.138174,-2.457487,0,-0.02248531,0.0005082239,0.02368988,-0.0005354502,0,0
0.012987,130.510456,-137.502087,-2.457487,0,-0.02271604,0.0005044732,0.02393297,-0.0005314986,0,0
0.013986,131.793311,-138.853667,-2.457487,0,-0.02294529,0.0005006894,0.0241745,-0.000527512,0,0
0.014985,133.064313,-140.192758,-2.457487,0,-0.02317303,0.0004968726,0.02441444,-0.0005234908,0,0
0.015984,134.323319,-141.519211,-2.457487,0,-0.02339926,0.0004930232,0.02465279,-0.0005194352,0,0
0.016983,135.570189,-142.832877,-2.457487,0,-0.02362395,0.0004891414,0.02488952,-0.0005153454,0,0
0.017982,136.804784,-144.133611,-2.457487,0,-0.02384709,0.0004852275,0.02512462,-0.0005112219,0,0
0.018981,138.026969,-145.421271,-2.457487,0,-0.02406868,0.0004812818,0.02535807,-0.0005070648,0,0
0.01998,139.236614,-146.695718,-2.457487,0,-0.02428869,0.0004773045,0.02558987,-0.0005028744,0,0
0.020979,140.433587,-147.956815,-2.457487,0,-0.02450711,0.0004732959,0.02581999,-0.0004986511,0,0
0.021978,141.617763,-149.204429,-2.457487,0,-0.02472393,0.0004692564,0.02604843,-0.0004943951,0,0
0.022977,142.789017,-150.438429,-2.457487,0,-0.02493914,0.0004651861,0.02627516,-0.0004901067,0,0
0.023976,143.94723,-151.658689,-2.457487,0,-0.02515272,0.0004610853,0.02650019,-0.0004857863,0,0
0.024975,145.092284,-152.865085,-2.457487,0,-0.02536466,0.0004569545,0.02672348,-0.0004814342,0,0
0.025974,146.224063,-154.057495,-2.457487,0,-0.02557495,0.0004527937,0.02694503,-0.0004770505,0,0
0.026973,147.342457,-155.235803,-2.457487,0,-0.02578357,0.0004486034,0.02716483,-0.0004726358,0,0
0.027972,148.447355,-156.399892,-2.457487,0,-0.02599052,0.0004443839,0.02738286,-0.0004681902,0,0
0.028971,149.538654,-157.549653,-2.457487,0,-0.02619577,0.0004401354,0.02759912,-0.0004637141,0,0
0.02997,150.61625,-158.684978,-2.457487,0,-0.02639933,0.0004358582,0.02781358,-0.0004592078,0,0
0.030969,151.680044,-159.80576,-2.457487,0,-0.02660117,0.0004315527,0.02802623,-0.0004546716,0,0
0.031968,152.729939,-160.9119,-2.457487,0,-0.02680128,0.0004272191,0.02823707,-0.0004501058,0,0
0.032967,153.765842,-162.003298,-2.457487,0,-0.02699966,0.0004228578,0.02844607,-0.0004455109,0,0
0.033966,154.787664,-163.07986,-2.457487,0,-0.0271963,0.000418469,0.02865324,-0.000440887,0,0
0.034965,155.795317,-164.141495,-2.457487,0,-0.02739117,0.0004140531,0.02885855,-0.0004362345,0,0
0.035964,156.788717,-165.188113,-2.457487,0,-0.02758428,0.0004096104,0.029062,-0.0004315538,0,0
0.036963,157.767785,-166.219631,-2.457487,0,-0.0277756,0.0004051412,0.02926358,-0.0004268452,0,0
0.037962,158.732442,-167.235966,-2.457487,0,-0.02796514,0.0004006458,0.02946327,-0.0004221089,0,0
0.038961,159.682615,-168.237041,-2.457487,0,-0.02815287,0.0003961245,0.02966106,-0.0004173455,0,0
0.03996,160.618233,-169.222781,-2.457487,0,-0.0283388,0.0003915777,0.02985695,-0.0004125551,0,0
0.040959,161.539228,-170.193115,-2.457487,0,-0.0285229,0.0003870057,0.03005091,-0.0004077381,0,0
0.041958,162.445535,-171.147974,-2.457487,0,-0.02870517,0.0003824088,0.03024295,-0.000402895,0,0
0.042957,163.337093,-172.087294,-2.457487,0,-0.02888561,0.0003777873,0.03043305,-0.0003980259,0,0
0.043956,164.213844,-173.011014,-2.457487,0,-0.02906419,0.0003731415,0.0306212,-0.0003931313,0,0
0.044955,165.075733,-173.919075,-2.457487,0,-0.02924092,0.0003684719,0.0308074,-0.0003882115,0,0
0.045954,165.922708,-174.811425,-2.457487,0,-0.02941578,0.0003637787,0.03099163,-0.0003832668,0,0
0.046953,166.754721,-175.68801,-2.457487,0,-0.02958877,0.0003590622,0.03117388,-0.0003782976,0,0
0.047952,167.571727,-176.548784,-2.457487,0,-0.02975987,0.0003543228,0.03135415,-0.0003733043,0,0
0.048951,168.373683,-177.393702,-2.457487,0,-0.02992908,0.0003495607,0.03153242,-0.0003682872,0,0
0.04995,169.160551,-178.222723,-2.457487,0,-0.03009639,0.0003447765,0.03170869,-0.0003632467,0,0
0.050949,169.932294,-179.03581,-2.457487,0,-0.03026179,0.0003399703,0.03188295,-0.000358183,0,0
0.051948,170.688881,-179.832928,-2.457487,0,-0.03042527,0.0003351425,0.0320552,-0.0003530966,0,0
0.052947,171.43028,-180.614046,-2.457487,0,-0.03058683,0.0003302935,0.03222541,-0.0003479878,0,0
0.053946,172.156467,-181.379135,-2.457487,0,-0.03074646,0.0003254236,0.03239359,-0.000342857,0,0
0.054945,172.867418,-182.128173,-2.457487,0,-0.03090415,0.0003205331,0.03255973,-0.0003377045,0,0
0.055944,173.563113,-182.861137,-2.457487,0,-0.0310599,0.0003156224,0.03272382,-0.0003325308,0,0
0.056943,174.243534,-183.578009,-2.457487,0,-0.0312137,0.0003106918,0.03288586,-0.000327336,0,0
0.057942,174.908668,-184.278775,-2.457487,0,-0.03136554,0.0003057417,0.03304583,-0.0003221207,0,0
0.058941,175.558502,-184.963422,-2.457487,0,-0.03151541,0.0003007723,0.03320374,-0.0003168851,0,0
0.05994,176.193031,-185.631943,-2.457487,0,-0.03166331,0.0002957841,0.03335956,-0.0003116297,0,0
0.060939,176.812248,-186.284332,-2.457487,0,-0.03180924,0.0002907774,0.03351331,-0.0003063548,0,0
0.061938,177.416151,-186.920587,-2.457487,0,-0.03195319,0.0002857525,0.03366496,-0.0003010607,0,0
0.062937,178.004741,-187.540709,-2.457487,0,-0.03209514,0.0002807098,0.03381453,-0.0002957479,0,0
0.063936,178.578021,-188.144701,-2.457487,0,-0.03223511,0.0002756496,0.03396199,-0.0002904166,0,0
0.064935,179.136,-188.732571,-2.457487,0,-0.03237307,0.0002705723,0.03410735,-0.0002850673,0,0
0.065934,179.678685,-189.304329,-2.457487,0,-0.03250904,0.0002654782,0.03425059,-0.0002797003,0,0
0.066933,180.206089,-189.859987,-2.457487,0,-0.03264299,0.0002603677,0.03439173,-0.0002743159,0,0
0.067932,180.718228,-190.399562,-2.457487,0,-0.03277494,0.000255241,0.03453074,-0.0002689146,0,0
0.068931,181.215119,-190.923072,-2.457487,0,-0.03290487,0.0002500986,0.03466763,-0.0002634967,0,0
0.06993,181.696783,-191.430539,-2.457487,0,-0.03303277,0.0002449408,0.03480239,-0.0002580626,0,0
0.070929,182.163242,-191.921987,-2.457487,0,-0.03315866,0.0002397679,0.03493501,-0.0002526126,0,0
0.071928,182.614523,-192.397444,-2.457487,0,-0.03328251,0.0002345803,0.0350655,-0.0002471471,0,0
0.072927,183.050655,-192.85694,-2.457487,0,-0.03340433,0.0002293784,0.03519385,-0.0002416665,0,0
0.073926,183.471668,-193.300508,-2.457487,0,-0.03352412,0.0002241624,0.03532005,-0.0002361711,0,0
0.074925,183.877597,-193.728182,-2.457487,0,-0.03364187,0.0002189328,0.03544411,-0.0002306613,0,0
0.075924,184.268477,-194.140002,-2.457487,0,-0.03375757,0.0002136898,0.03556602,-0.0002251375,0,0
0.076923,184.644347,-194.536008,-2.457487,0,-0.03387124,0.0002084339,0.03568577,-0.0002196,0,0
0.077922,185.005248,-194.916243,-2.457487,0,-0.03398285,0.0002031653,0.03580336,-0.0002140491,0,0
0.078921,185.351223,-195.280753,-2.457487,0,-0.03409242,0.0001978844,0.0359188,-0.0002084853,0,0
0.07992,185.682319,-195.629587,-2.457487,0,-0.03419993,0.0001925915,0.03603207,-0.000202909,0,0
0.080919,185.998584,-195.962794,-2.457487,0,-0.0343054,0.0001872871,0.03614318,-0.0001973203,0,0
0.081918,186.300069,-196.280429,-2.457487,0,-0.0344088,0.0001819714,0.03625213,-0.0001917199,0,0
0.082917,186.586825,-196.582547,-2.457487,0,-0.03451015,0.0001766448,0.03635891,-0.0001861079,0,0
0.083916,186.858908,-196.869206,-2.457487,0,-0.03460944,0.0001713076,0.03646352,-0.0001804848,0,0
0.084915,187.116374,-197.140466,-2.457487,0,-0.03470667,0.0001659602,0.03656596,-0.0001748509,0,0
0.085914,187.359284,-197.396389,-2.457487,0,-0.03480184,0.0001606029,0.03666622,-0.0001692066,0,0
0.086913,187.587699,-197.63704,-2.457487,0,-0.03489495,0.000155236,0.03676432,-0.0001635522,0,0
0.087912,187.801681,-197.862485,-2.457487,0,-0.03498599,0.0001498599,0.03686024,-0.0001578881,0,0
0.088911,188.001296,-198.072794,-2.457487,0,-0.03507497,0.0001444749,0.03695399,-0.0001522147,0,0
0.08991,188.186611,-198.268036,-2.457487,0,-0.03516189,0.0001390814,0.03704556,-0.0001465322,0,0
0.090909,188.357695,-198.448286,-2.457487,0,-0.03524674,0.0001336797,0.03713496,-0.0001408411,0,0
0.091908,188.51462,-198.613617,-2.457487,0,-0.03532953,0.0001282702,0.03722218,-0.0001351418,0,0
0.092907,188.657458,-198.764107,-2.457487,0,-0.03541025,0.0001228531,0.03730723,-0.0001294345,0,0
0.093906,188.786284,-198.899834,-2.457487,0,-0.03548891,0.0001174288,0.0373901,-0.0001237196,0,0
0.094905,188.901173,-199.020879,-2.457487,0,-0.03556551,0.0001119976,0.0374708,-0.0001179975,0,0
0.095904,189.002205,-199.127323,-2.457487,0,-0.03564004,0.00010656,0.03754933,-0.0001122685,0,0
0.096903,189.089458,-199.219251,-2.457487,0,-0.03571251,0.0001011161,0.03762568,-0.000106533,0,0
0.097902,189.163015,-199.296748,-2.457487,0,-0.03578292,9.566636E-05,0.03769986,-0.0001007913,0,0
0.098901,189.222957,-199.359901,-2.457487,0,-0.03585127,9.021108E-05,0.03777187,-9.504382E-05,0,0
0.0999,189.269369,-199.408799,-2.457487,0,-0.03591756,8.475059E-05,0.03784172,-8.92908E-05,0,0
0.100899,189.302337,-199.443533,-2.457487,0,-0.03598179,7.928521E-05,0.03790939,-8.353263E-05,0,0
0.101898,189.321948,-199.464195,-2.457487,0,-0.03604397,7.381528E-05,0.0379749,-7.776967E-05,0,0
0.102897,189.32829,-199.470877,-2.457487,0,-0.03610409,6.83411E-05,0.03803824,-7.200223E-05,0,0
0.103896,189.321454,-199.463675,-2.457487,0,-0.03616216,6.286302E-05,0.03809942,-6.623068E-05,0,0
0.104895,189.301531,-199.442685,-2.457487,0,-0.03621818,5.738134E-05,0.03815844,-6.045534E-05,0,0
0.105894,189.268613,-199.408003,-2.457487,0,-0.03627215,5.189638E-05,0.0382153,-5.467655E-05,0,0
0.106893,189.222794,-199.35973,-2.457487,0,-0.03632407,4.640848E-05,0.03827,-4.889465E-05,0,0
0.107892,189.164169,-199.297963,-2.457487,0,-0.03637395,4.091793E-05,0.03832255,-4.310997E-05,0,0
0.108891,189.092833,-199.222806,-2.457487,0,-0.03642179,3.542507E-05,0.03837296,-3.732284E-05,0,0
0.10989,189.008884,-199.13436,-2.457487,0,-0.03646759,2.993019E-05,0.03842121,-3.15336E-05,0,0
0.110889,188.91242,-199.032728,-2.457487,0,-0.03651135,2.443362E-05,0.03846732,-2.574257E-05,0,0
0.111888,188.80354,-198.918015,-2.457487,0,-0.03655309,1.893567E-05,0.03851129,-1.995008E-05,0,0
0.112887,188.682343,-198.790326,-2.457487,0,-0.03659279,1.343664E-05,0.03855312,-1.415646E-05,0,0
0.113886,188.548932,-198.649767,-2.457487,0,-0.03663046,7.93684E-06,0.03859281,-8.362028E-06,0,0
0.114885,188.403407,-198.496447,-2.457487,0,-0.03666612,2.436581E-06,0.03863037,-2.567112E-06,0,0
0.115884,188.245872,-198.330472,-2.457487,0,-0.03669975,-3.063836E-06,0.03866581,3.22797E-06,0,0
0.116883,188.076429,-198.151952,-2.457487,0,-0.03673137,-8.564106E-06,0.03869912,9.022898E-06,0,0
0.117882,187.895184,-197.960997,-2.457487,0,-0.03676098,-1.406393E-05,0.03873032,1.481735E-05,0,0
0.118881,187.702241,-197.757718,-2.457487,0,-0.03678858,-1.956301E-05,0.0387594,2.061102E-05,0,0
0.11988,187.497705,-197.542225,-2.457487,0,-0.03681418,-2.506104E-05,0.03878636,2.640359E-05,0,0
0.120879,187.281683,-197.314631,-2.457487,0,-0.03683777,-3.055773E-05,0.03881122,3.219475E-05,0,0
0.121878,187.054282,-197.075047,-2.457487,0,-0.03685937,-3.605279E-05,0.03883398,3.798419E-05,0,0
0.122877,186.815609,-196.823588,-2.457487,0,-0.03687899,-4.154592E-05,0.03885465,4.377159E-05,0,0
0.123876,186.565773,-196.560368,-2.457487,0,-0.03689661,-4.703683E-05,0.03887322,4.955666E-05,0,0
0.124875,186.304881,-196.285499,-2.457487,0,-0.03691226,-5.252524E-05,0.0388897,5.533909E-05,0,0
0.125874,186.033042,-195.999098,-2.457487,0,-0.03692592,-5.801085E-05,0.0389041,6.111857E-05,0,0
0.126873,185.750367,-195.701279,-2.457487,0,-0.03693762,-6.349338E-05,0.03891642,6.689481E-05,0,0
0.127872,185.456964,-195.392158,-2.457487,0,-0.03694735,-6.897255E-05,0.03892667,7.26675E-05,0,0
0.128871,185.152944,-195.071851,-2.457487,0,-0.03695512,-7.444807E-05,0.03893485,7.843636E-05,0,0
0.12987,184.838416,-194.740474,-2.457487,0,-0.03696093,-7.991967E-05,0.03894098,8.420108E-05,0,0
0.130869,184.513493,-194.398144,-2.457487,0,-0.03696479,-8.538707E-05,0.03894504,8.996138E-05,0,0
0.131868,184.178284,-194.044978,-2.457487,0,-0.0369667,-9.084999E-05,0.03894706,9.571696E-05,0,0
0.132867,183.832901,-193.681092,-2.457487,0,-0.03696668,-9.630816E-05,0.03894704,0.0001014675,0,0
0.133866,183.477455,-193.306605,-2.457487,0,-0.03696472,-0.0001017613,0.03894497,0.0001072128,0,0
0.134865,183.112058,-192.921633,-2.457487,0,-0.03696083,-0.0001072092,0.03894088,0.0001129525,0,0
0.135864,182.736822,-192.526294,-2.457487,0,-0.03695502,-0.0001126515,0.03893476,0.0001186863,0,0
0.136863,182.351857,-192.120706,-2.457487,0,-0.0369473,-0.0001180879,0.03892662,0.0001244141,0,0
0.137862,181.957276,-191.704987,-2.457487,0,-0.03693766,-0.0001235183,0.03891646,0.0001301353,0,0
0.138861,181.553191,-191.279255,-2.457487,0,-0.03692612,-0.0001289423,0.03890431,0.0001358499,0,0
0.13986,181.139713,-190.843627,-2.457487,0,-0.03691268,-0.0001343597,0.03889015,0.0001415575,0,0
0.140859,180.716955,-190.398221,-2.457487,0,-0.03689735,-0.0001397702,0.038874,0.0001472579,0,0
0.141858,180.285028,-189.943155,-2.457487,0,-0.03688014,-0.0001451736,0.03885586,0.0001529508,0,0
0.142857,179.844044,-189.478546,-2.457487,0,-0.03686104,-0.0001505696,0.03883574,0.0001586359,0,0
0.143856,179.394114,-189.004513,-2.457487,0,-0.03684007,-0.000155958,0.03881365,0.0001643129,0,0
0.144855,178.93535,-188.521173,-2.457487,0,-0.03681724,-0.0001613385,0.03878959,0.0001699816,0,0
0.145854,178.467864,-188.028642,-2.457487,0,-0.03679255,-0.0001667109,0.03876358,0.0001756418,0,0
0.146853,177.991766,-187.527039,-2.457487,0,-0.03676601,-0.0001720749,0.03873562,0.0001812931,0,0
0.147852,177.507167,-187.01648,-2.457487,0,-0.03673762,-0.0001774302,0.03870571,0.0001869354,0,0
0.148851,177.014179,-186.497081,-2.457487,0,-0.0367074,-0.0001827767,0.03867386,0.0001925683,0,0
0.14985,176.512911,-185.96896,-2.457487,0,-0.03667534,-0.0001881141,0.03864009,0.0001981916,0,0
0.150849,176.003474,-185.432232,-2.457487,0,-0.03664146,-0.0001934421,0.03860439,0.0002038051,0,0
0.151848,175.485979,-184.887013,-2.457487,0,-0.03660576,-0.0001987606,0.03856679,0.0002094085,0,0
0.152847,174.960533,-184.333419,-2.457487,0,-0.03656826,-0.0002040692,0.03852727,0.0002150015,0,0
0.153846,174.427248,-183.771565,-2.457487,0,-0.03652895,-0.0002093678,0.03848586,0.0002205839,0,0
0.154845,173.886231,-183.201565,-2.457487,0,-0.03648785,-0.0002146561,0.03844255,0.0002261555,0,0
0.155844,173.337592,-182.623534,-2.457487,0,-0.03644496,-0.0002199339,0.03839737,0.0002317161,0,0
0.156843,172.781438,-182.037587,-2.457487,0,-0.03640029,-0.000225201,0.03835031,0.0002372653,0,0
0.157842,172.217878,-181.443836,-2.457487,0,-0.03635385,-0.0002304571,0.03830138,0.0002428031,0,0
0.158841,171.647019,-180.842395,-2.457487,0,-0.03630565,-0.0002357021,0.0382506,0.000248329,0,0
0.15984,171.068967,-180.233376,-2.457487,0,-0.03625569,-0.0002409357,0.03819796,0.0002538429,0,0
0.160839,170.48383,-179.616892,-2.457487,0,-0.03620398,-0.0002461576,0.03814348,0.0002593446,0,0
0.161838,169.891713,-178.993055,-2.457487,0,-0.03615054,-0.0002513677,0.03808717,0.0002648338,0,0
0.162837,169.292721,-178.361974,-2.457487,0,-0.03609536,-0.0002565658,0.03802903,0.0002703104,0,0
0.163836,168.686961,-177.723762,-2.457487,0,-0.03603845,-0.0002617516,0.03796908,0.000275774,0,0
0.164835,168.074535,-177.078528,-2.457487,0,-0.03597983,-0.000266925,0.03790732,0.0002812245,0,0
0.165834,167.455548,-176.426381,-2.457487,0,-0.0359195,-0.0002720857,0.03784376,0.0002866617,0,0
0.166833,166.830105,-175.767432,-2.457487,0,-0.03585747,-0.0002772335,0.03777841,0.0002920853,0,0
0.167832,166.198306,-175.101787,-2.457487,0,-0.03579375,-0.0002823682,0.03771127,0.0002974951,0,0
0.168831,165.560255,-174.429554,-2.457487,0,-0.03572834,-0.0002874897,0.03764236,0.0003028909,0,0
0.16983,164.916053,-173.750842,-2.457487,0,-0.03566126,-0.0002925977,0.03757169,0.0003082725,0,0
0.170829,164.265801,-173.065755,-2.457487,0,-0.03559251,-0.000297692,0.03749926,0.0003136398,0,0
0.171828,163.609601,-172.374401,-2.457487,0,-0.03552211,-0.0003027724,0.03742508,0.0003189924,0,0
0.172827,162.94755,-171.676883,-2.457487,0,-0.03545005,-0.0003078388,0.03734916,0.0003243301,0,0
0.173826,162.27975,-170.973308,-2.457487,0,-0.03537635,-0.0003128909,0.03727151,0.0003296529,0,0
0.174825,161.606297,-170.263777,-2.457487,0,-0.03530102,-0.0003179286,0.03719214,0.0003349604,0,0
0.175824,160.927291,-169.548396,-2.457487,0,-0.03522406,-0.0003229516,0.03711106,0.0003402526,0,0
0.176823,160.242828,-168.827265,-2.457487,0,-0.03514549,-0.0003279598,0.03702828,0.0003455291,0,0
0.177822,159.553005,-168.100487,-2.457487,0,-0.03506531,-0.000332953,0.03694381,0.0003507898,0,0
0.178821,158.857917,-167.368163,-2.457487,0,-0.03498353,-0.0003379311,0.03685765,0.0003560345,0,0
0.17982,158.15766,-166.630392,-2.457487,0,-0.03490016,-0.0003428938,0.03676981,0.0003612631,0,0
0.180819,157.452329,-165.887275,-2.457487,0,-0.03481521,-0.0003478409,0.03668031,0.0003664752,0,0
0.181818,156.742016,-165.13891,-2.457487,0,-0.03472868,-0.0003527723,0.03658915,0.0003716708,0,0
0.182817,156.026816,-164.385395,-2.457487,0,-0.0346406,-0.0003576879,0.03649634,0.0003768497,0,0
0.183816,155.30682,-163.626828,-2.457487,0,-0.03455095,-0.0003625873,0.0364019,0.0003820117,0,0
0.184815,154.58212,-162.863305,-2.457487,0,-0.03445976,-0.0003674706,0.03630582,0.0003871565,0,0
0.185814,153.852806,-162.094921,-2.457487,0,-0.03436704,-0.0003723374,0.03620813,0.0003922841,0,0
0.186813,153.11897,-161.321772,-2.457487,0,-0.03427278,-0.0003771877,0.03610882,0.0003973942,0,0
0.187812,152.3807,-160.543952,-2.457487,0,-0.03417701,-0.0003820213,0.03600792,0.0004024867,0,0
0.188811,151.638085,-159.761553,-2.457487,0,-0.03407972,-0.000386838,0.03590542,0.0004075614,0,0
0.18981,150.891212,-158.97467,-2.457487,0,-0.03398094,-0.0003916376,0.03580134,0.0004126182,0,0
0.190809,150.140169,-158.183393,-2.457487,0,-0.03388066,-0.00039642,0.03569569,0.0004176568,0,0
0.191808,149.385043,-157.387813,-2.457487,0,-0.03377889,-0.0004011851,0.03558848,0.0004226772,0,0
0.192807,148.625918,-156.588021,-2.457487,0,-0.03367566,-0.0004059326,0.03547971,0.000427679,0,0
0.193806,147.86288,-155.784105,-2.457487,0,-0.03357095,-0.0004106625,0.0353694,0.0004326623,0,0
0.194805,147.096012,-154.976155,-2.457487,0,-0.03346479,-0.0004153746,0.03525755,0.0004376268,0,0
0.195804,146.325398,-154.164258,-2.457487,0,-0.03335719,-0.0004200687,0.03514418,0.0004425723,0,0
0.196803,145.55112,-153.348502,-2.457487,0,-0.03324814,-0.0004247446,0.03502929,0.0004474988,0,0
0.197802,144.773261,-152.528971,-2.457487,0,-0.03313767,-0.0004294024,0.0349129,0.0004524061,0,0
0.198801,143.9919,-151.705752,-2.457487,0,-0.03302578,-0.0004340417,0.03479502,0.0004572939,0,0
0.1998,143.207118,-150.878928,-2.457487,0,-0.03291247,-0.0004386624,0.03467564,0.0004621622,0,0
0.200799,142.418995,-150.048584,-2.457487,0,-0.03279777,-0.0004432645,0.03455479,0.0004670108,0,0
0.201798,141.627609,-149.214802,-2.457487,0,-0.03268167,-0.0004478478,0.03443247,0.0004718396,0,0
0.202797,140.833037,-148.377664,-2.457487,0,-0.03256419,-0.000452412,0.0343087,0.0004766484,0,0
0.203796,140.035357,-147.537252,-2.457487,0,-0.03244533,-0.0004569572,0.03418348,0.0004814371,0,0
0.204795,139.234646,-146.693644,-2.457487,0,-0.03232511,-0.0004614832,0.03405682,0.0004862055,0,0
0.205794,138.430977,-145.846922,-2.457487,0,-0.03220354,-0.0004659898,0.03392873,0.0004909536,0,0
0.206793,137.624426,-144.997163,-2.457487,0,-0.03208062,-0.0004704769,0.03379922,0.0004956811,0,0
0.207792,136.815067,-144.144446,-2.457487,0,-0.03195636,-0.0004749444,0.0336683,0.0005003879,0,0
0.208791,136.002973,-143.288847,-2.457487,0,-0.03183077,-0.0004793922,0.03353599,0.0005050739,0,0
0.20979,135.188216,-142.430442,-2.457487,0,-0.03170387,-0.0004838201,0.03340229,0.000509739,0,0
0.210789,134.370868,-141.569307,-2.457487,0,-0.03157565,-0.000488228,0.0332672,0.0005143831,0,0
0.211788,133.550999,-140.705517,-2.457487,0,-0.03144614,-0.0004926158,0.03313075,0.0005190059,0,0
0.212787,132.728679,-139.839144,-2.457487,0,-0.03131533,-0.0004969834,0.03299294,0.0005236075,0,0
0.213786,131.903978,-138.970262,-2.457487,0,-0.03118325,-0.0005013306,0.03285378,0.0005281876,0,0
0.214785,131.076963,-138.098943,-2.457487,0,-0.03104989,-0.0005056573,0.03271327,0.0005327461,0,0
0.215784,130.247702,-137.225257,-2.457487,0,-0.03091527,-0.0005099635,0.03257144,0.000537283,0,0
0.216783,129.416262,-136.349276,-2.457487,0,-0.03077939,-0.000514249,0.03242829,0.0005417981,0,0
0.217782,128.58271,-135.471069,-2.457487,0,-0.03064227,-0.0005185137,0.03228382,0.0005462912,0,0
0.218781,127.747109,-134.590704,-2.457487,0,-0.03050392,-0.0005227575,0.03213806,0.0005507623,0,0
0.21978,126.909526,-133.70825,-2.457487,0,-0.03036434,-0.0005269802,0.031991,0.0005552113,0,0
0.220779,126.070023,-132.823774,-2.457487,0,-0.03022354,-0.0005311819,0.03184266,0.000559638,0,0
0.221778,125.228663,-131.937341,-2.457487,0,-0.03008154,-0.0005353623,0.03169305,0.0005640424,0,0
0.222777,124.385509,-131.049018,-2.457487,0,-0.02993833,-0.0005395213,0.03154217,0.0005684243,0,0
0.223776,123.540622,-130.15887,-2.457487,0,-0.02979394,-0.000543659,0.03139005,0.0005727836,0,0
0.224775,122.694063,-129.266959,-2.457487,0,-0.02964837,-0.0005477751,0.03123668,0.0005771202,0,0
0.225774,121.845891,-128.37335,-2.457487,0,-0.02950163,-0.0005518695,0.03108208,0.000581434,0,0
0.226773,120.996167,-127.478104,-2.457487,0,-0.02935373,-0.0005559423,0.03092625,0.0005857249,0,0
0.227772,120.144948,-126.581284,-2.457487,0,-0.02920468,-0.0005599932,0.03076921,0.0005899928,0,0
0.228771,119.292291,-125.68295,-2.457487,0,-0.02905448,-0.0005640222,0.03061097,0.0005942376,0,0
0.22977,118.438255,-124.783161,-2.457487,0,-0.02890315,-0.0005680291,0.03045153,0.0005984593,0,0
0.230769,117.582895,-123.881978,-2.457487,0,-0.0287507,-0.000572014,0.03029091,0.0006026576,0,0
0.231768,116.726266,-122.979459,-2.457487,0,-0.02859713,-0.0005759767,0.03012912,0.0006068326,0,0
0.232767,115.868424,-122.075661,-2.457487,0,-0.02844246,-0.0005799171,0.02996616,0.0006109841,0,0
0.233766,115.009423,-121.170642,-2.457487,0,-0.02828669,-0.0005838351,0.02980204,0.000615112,0,0
0.234765,114.149315,-120.264457,-2.457487,0,-0.02812983,-0.0005877306,0.02963678,0.0006192162,0,0
0.235764,113.288154,-119.357163,-2.457487,0,-0.02797189,-0.0005916037,0.02947039,0.0006232967,0,0
0.236763,112.425992,-118.448813,-2.457487,0,-0.02781289,-0.0005954541,0.02930287,0.0006273534,0,0
0.237762,111.562879,-117.539461,-2.457487,0,-0.02765283,-0.0005992818,0.02913423,0.0006313861,0,0
0.238761,110.698866,-116.629162,-2.457487,0,-0.02749171,-0.0006030867,0.02896448,0.0006353949,0,0
0.23976,109.834003,-115.717967,-2.457487,0,-0.02732955,-0.0006068687,0.02879364,0.0006393796,0,0
0.240759,108.968339,-114.805928,-2.457487,0,-0.02716637,-0.0006106278,0.02862171,0.00064334,0,0
0.241758,108.101923,-113.893097,-2.457487,0,-0.02700216,-0.0006143639,0.0284487,0.0006472763,0,0
0.242757,107.234802,-112.979523,-2.457487,0,-0.02683693,-0.0006180769,0.02827462,0.0006511882,0,0
0.243756,106.367023,-112.065257,-2.457487,0,-0.0266707,-0.0006217668,0.02809949,0.0006550757,0,0
0.244755,105.498634,-111.150346,-2.457487,0,-0.02650347,-0.0006254334,0.0279233,0.0006589387,0,0
0.245754,104.629679,-110.23484,-2.457487,0,-0.02633526,-0.0006290767,0.02774608,0.0006627772,0,0
0.246753,103.760203,-109.318786,-2.457487,0,-0.02616607,-0.0006326966,0.02756782,0.000666591,0,0
0.247752,102.890252,-108.40223,-2.457487,0,-0.02599591,-0.000636293,0.02738855,0.0006703802,0,0
0.248751,102.019869,-107.485219,-2.457487,0,-0.02582479,-0.000639866,0.02720826,0.0006741445,0,0
0.24975,101.149097,-106.567799,-2.457487,0,-0.02565272,-0.0006434154,0.02702697,0.0006778841,0,0
0.250749,100.277979,-105.650013,-2.457487,0,-0.02547971,-0.0006469411,0.02684469,0.0006815987,0,0
0.251748,99.406556,-104.731907,-2.457487,0,-0.02530576,-0.0006504432,0.02666143,0.0006852883,0,0
0.252747,98.53487,-103.813524,-2.457487,0,-0.02513089,-0.0006539214,0.02647719,0.0006889529,0,0
0.253746,97.662961,-102.894906,-2.457487,0,-0.02495511,-0.0006573759,0.02629199,0.0006925924,0,0
0.254745,96.79087,-101.976095,-2.457487,0,-0.02477842,-0.0006608064,0.02610583,0.0006962067,0,0
0.255744,95.918636,-101.057134,-2.457487,0,-0.02460083,-0.000664213,0.02591873,0.0006997958,0,0
0.256743,95.046297,-100.138063,-2.457487,0,-0.02442236,-0.0006675956,0.0257307,0.0007033597,0,0
0.257742,94.173892,-99.218922,-2.457487,0,-0.024243,-0.0006709542,0.02554173,0.0007068981,0,0
0.258741,93.301459,-98.299751,-2.457487,0,-0.02406278,-0.0006742886,0.02535185,0.0007104112,0,0
0.25974,92.429033,-97.380589,-2.457487,0,-0.02388169,-0.0006775988,0.02516107,0.0007138988,0,0
0.260739,91.556653,-96.461474,-2.457487,0,-0.02369975,-0.0006808849,0.02496938,0.0007173608,0,0
0.261738,90.684353,-95.542444,-2.457487,0,-0.02351697,-0.0006841466,0.0247768,0.0007207973,0,0
0.262737,89.81217,-94.623536,-2.457487,0,-0.02333335,-0.0006873841,0.02458335,0.0007242082,0,0
0.263736,88.940136,-93.704787,-2.457487,0,-0.0231489,-0.0006905971,0.02438902,0.0007275934,0,0
0.264735,88.068288,-92.786232,-2.457487,0,-0.02296364,-0.0006937858,0.02419384,0.0007309529,0,0
0.265734,87.196658,-91.867907,-2.457487,0,-0.02277757,-0.00069695,0.0239978,0.0007342866,0,0
0.266733,86.325279,-90.949847,-2.457487,0,-0.0225907,-0.0007000896,0.02380091,0.0007375944,0,0
0.267732,85.454184,-90.032086,-2.457487,0,-0.02240303,-0.0007032048,0.0236032,0.0007408764,0,0
0.268731,84.583404,-89.114658,-2.457487,0,-0.02221459,-0.0007062953,0.02340465,0.0007441325,0,0
0.26973,83.712972,-88.197595,-2.457487,0,-0.02202537,-0.0007093611,0.0232053,0.0007473626,0,0
0.270729,82.842917,-87.280931,-2.457487,0,-0.02183538,-0.0007124023,0.02300513,0.0007505667,0,0
0.271728,81.973271,-86.364696,-2.457487,0,-0.02164463,-0.0007154187,0.02280417,0.0007537447,0,0
0.272727,81.104063,-85.448923,-2.457487,0,-0.02145314,-0.0007184104,0.02260242,0.0007568967,0,0
0.273726,80.235322,-84.533643,-2.457487,0,-0.02126091,-0.0007213773,0.02239989,0.0007600225,0,0
0.274725,79.367077,-83.618885,-2.457487,0,-0.02106795,-0.0007243193,0.02219659,0.0007631221,0,0
0.275724,78.499357,-82.70468,-2.457487,0,-0.02087426,-0.0007272365,0.02199252,0.0007661956,0,0
0.276723,77.632189,-81.791056,-2.457487,0,-0.02067986,-0.0007301287,0.02178771,0.0007692427,0,0
0.277722,76.7656,-80.878043,-2.457487,0,-0.02048475,-0.000732996,0.02158215,0.0007722636,0,0
0.278721,75.899618,-79.965669,-2.457487,0,-0.02028895,-0.0007358382,0.02137586,0.0007752582,0,0
0.27972,75.034268,-79.053961,-2.457487,0,-0.02009246,-0.0007386555,0.02116884,0.0007782263,0,0
0.280719,74.169576,-78.142946,-2.457487,0,-0.01989528,-0.0007414477,0.0209611,0.0007811681,0,0
0.281718,73.305568,-77.232652,-2.457487,0,-0.01969744,-0.0007442149,0.02075266,0.0007840835,0,0
0.282717,72.442269,-76.323105,-2.457487,0,-0.01949893,-0.0007469569,0.02054351,0.0007869724,0,0
0.283716,71.579703,-75.41433,-2.457487,0,-0.01929976,-0.0007496738,0.02033368,0.0007898349,0,0
0.284715,70.717894,-74.506352,-2.457487,0,-0.01909995,-0.0007523655,0.02012316,0.0007926708,0,0
0.285714,69.856865,-73.599197,-2.457487,0,-0.0188995,-0.000755032,0.01991197,0.0007954801,0,0
0.286713,68.99664,-72.692889,-2.457487,0,-0.01869842,-0.0007576733,0.01970012,0.0007982629,0,0
0.287712,68.137242,-71.787451,-2.457487,0,-0.01849671,-0.0007602893,0.01948761,0.0008010191,0,0
0.288711,67.278691,-70.882907,-2.457487,0,-0.0182944,-0.0007628801,0.01927445,0.0008037487,0,0
0.28971,66.421011,-69.97928,-2.457487,0,-0.01809147,-0.0007654456,0.01906066,0.0008064516,0,0
0.290709,65.564223,-69.076592,-2.457487,0,-0.01788795,-0.0007679857,0.01884623,0.0008091278,0,0
0.291708,64.708347,-68.174865,-2.457487,0,-0.01768384,-0.0007705005,0.01863119,0.0008117773,0,0
0.292707,63.853404,-67.274122,-2.457487,0,-0.01747915,-0.0007729899,0.01841553,0.0008144001,0,0
0.293706,62.999414,-66.374382,-2.457487,0,-0.01727388,-0.000775454,0.01819927,0.0008169962,0,0
0.294705,62.146396,-65.475667,-2.457487,0,-0.01706805,-0.0007778926,0.01798241,0.0008195654,0,0
0.295704,61.294371,-64.577998,-2.457487,0,-0.01686167,-0.0007803058,0.01776497,0.0008221079,0,0
0.296703,60.443356,-63.681393,-2.457487,0,-0.01665473,-0.0007826936,0.01754695,0.0008246236,0,0
0.297702,59.593371,-62.785873,-2.457487,0,-0.01644725,-0.0007850559,0.01732836,0.0008271125,0,0
0.298701,58.744434,-61.891457,-2.457487,0,-0.01623924,-0.0007873928,0.0171092,0.0008295745,0,0
0.2997,57.896562,-60.998163,-2.457487,0,-0.01603071,-0.0007897041,0.0168895,0.0008320097,0,0
0.300699,57.049772,-60.10601,-2.457487,0,-0.01582166,-0.00079199,0.01666925,0.000834418,0,0
0.301698,56.204082,-59.215015,-2.457487,0,-0.0156121,-0.0007942503,0.01644846,0.0008367994,0,0
0.302697,55.359508,-58.325195,-2.457487,0,-0.01540203,-0.0007964851,0.01622714,0.0008391539,0,0
0.303696,54.516066,-57.436569,-2.457487,0,-0.01519148,-0.0007986943,0.01600531,0.0008414815,0,0
0.304695,53.673773,-56.549153,-2.457487,0,-0.01498044,-0.000800878,0.01578296,0.0008437821,0,0
0.305694,52.832643,-55.662963,-2.457487,0,-0.01476892,-0.0008030361,0.01556011,0.0008460559,0,0
0.306693,51.992692,-54.778015,-2.457487,0,-0.01455694,-0.0008051686,0.01533677,0.0008483026,0,0
0.307692,51.153936,-53.894325,-2.457487,0,-0.01434449,-0.0008072755,0.01511294,0.0008505224,0,0
0.308691,50.316387,-53.011908,-2.457487,0,-0.01413158,-0.0008093569,0.01488863,0.0008527153,0,0
0.30969,49.480061,-52.130779,-2.457487,0,-0.01391823,-0.0008114126,0.01466385,0.0008548811,0,0
0.310689,48.644972,-51.250953,-2.456516,2.595194E+026,-0.01370445,-0.0008134427,0.01443861,0.00085702,0,0
0.311688,47.811132,-50.372443,-2.455711,4.74101E+026,-0.01349023,-0.0008154472,0.01421292,0.0008591318,0,0
0.312687,46.978556,-49.495264,-2.45448,8.012769E+026,-0.01327559,-0.000817426,0.01398678,0.0008612167,0,0
0.313686,46.147255,-48.619429,-2.452843,1.234774E+027,-0.01306053,-0.0008193792,0.0137602,0.0008632746,0,0
0.314685,45.317243,-47.744952,-2.450779,1.778368E+027,-0.01284506,-0.0008213068,0.01353319,0.0008653054,0,0
0.315684,44.488531,-46.871845,-2.448403,2.400549E+027,-0.0126292,-0.0008232088,0.01330576,0.0008673092,0,0
0.316683,43.661132,-46.000122,-2.445736,3.093663E+027,-0.01241294,-0.0008250851,0.01307792,0.000869286,0,0
0.317682,42.835058,-45.129793,-2.442584,3.906539E+027,-0.0121963,-0.0008269357,0.01284967,0.0008712358,0,0
0.318681,42.010319,-44.260872,-2.439175,4.777591E+027,-0.01197928,-0.0008287607,0.01262103,0.0008731586,0,0
0.31968,41.186927,-43.393369,-2.435389,5.73545E+027,-0.01176189,-0.00083056,0.01239199,0.0008750543,0,0
0.320679,40.364892,-42.527297,-2.431325,6.752203E+027,-0.01154414,-0.0008323337,0.01216257,0.000876923,0,0
0.321678,39.544225,-41.662666,-2.42686,7.856146E+027,-0.01132603,-0.0008340817,0.01193278,0.0008787647,0,0
0.322677,38.724937,-40.799487,-2.422101,9.017438E+027,-0.01110757,-0.0008358041,0.01170262,0.0008805793,0,0
0.323676,37.907036,-39.93777,-2.417015,1.024153E+028,-0.01088878,-0.0008375008,0.01147211,0.0008823669,0,0
0.324675,37.090533,-39.077526,-2.411577,1.153066E+028,-0.01066965,-0.0008391719,0.01124124,0.0008841275,0,0
0.325674,36.275438,-38.218765,-2.405885,1.285899E+028,-0.0104502,-0.0008408173,0.01101003,0.0008858611,0,0
0.326673,35.461758,-37.361495,-2.399895,1.423385E+028,-0.01023043,-0.0008424371,0.01077849,0.0008875676,0,0
0.327672,34.649504,-36.505727,-2.393369,1.570486E+028,-0.01001035,-0.0008440312,0.01054662,0.0008892471,0,0
0.328671,33.838683,-35.65147,-2.386769,1.716487E+028,-0.009789963,-0.0008455997,0.01031443,0.0008908997,0,0
0.32967,33.029305,-34.798732,-2.379843,1.866721E+028,-0.009569283,-0.0008471425,0.01008192,0.0008925252,0,0
0.330669,32.221376,-33.947521,-2.372409,2.024623E+028,-0.009348314,-0.0008486597,0.009849116,0.0008941237,0,0
0.331668,31.414906,-33.097847,-2.364909,2.180502E+028,-0.009127063,-0.0008501513,0.009616013,0.0008956952,0,0
0.332667,30.609901,-32.249717,-2.357033,2.340535E+028,-0.008905539,-0.0008516173,0.009382621,0.0008972397,0,0
0.333666,29.806369,-31.403139,-2.348926,2.501385E+028,-0.008683747,-0.0008530577,0.009148948,0.0008987572,0,0
0.334665,29.004318,-30.558121,-2.34053,2.663942E+028,-0.008461696,-0.0008544724,0.008915001,0.0009002478,0,0
0.335664,28.203753,-29.714669,-2.331795,2.82878E+028,-0.008239392,-0.0008558616,0.008680788,0.0009017113,0,0
0.336663,27.404683,-28.872791,-2.322884,2.992507E+028,-0.008016843,-0.0008572252,0.008446317,0.000903148,0,0
0.337662,26.607112,-28.032493,-2.313798,3.154936E+028,-0.007794055,-0.0008585632,0.008211594,0.0009045576,0,0
0.338661,25.811048,-27.193783,-2.304407,3.318135E+028,-0.007571037,-0.0008598756,0.007976628,0.0009059404,0,0
0.33966,25.016497,-26.356667,-2.294835,3.479669E+028,-0.007347794,-0.0008611625,0.007741425,0.0009072962,0,0
0.340659,24.223464,-25.52115,-2.285141,3.638417E+028,-0.007124333,-0.0008624238,0.007505994,0.0009086251,0,0
0.341658,23.431955,-24.687238,-2.275243,3.795597E+028,-0.006900663,-0.0008636596,0.007270342,0.0009099271,0,0
0.342657,22.641975,-23.854938,-2.26496,3.953739E+028,-0.00667679,-0.0008648699,0.007034475,0.0009112022,0,0
0.343656,21.85353,-23.024255,-2.254516,4.109103E+028,-0.006452721,-0.0008660546,0.006798402,0.0009124504,0,0
0.344655,21.066625,-22.195194,-2.243913,4.261545E+028,-0.006228462,-0.0008672139,0.00656213,0.0009136718,0,0
0.345654,20.281263,-21.36776,-2.233088,4.411821E+028,-0.006004022,-0.0008683476,0.006325666,0.0009148663,0,0
0.346653,19.497451,-20.541958,-2.222177,4.557933E+028,-0.005779406,-0.0008694559,0.006089017,0.0009160339,0,0
0.347652,18.715193,-19.717792,-2.211056,4.701459E+028,-0.005554622,-0.0008705388,0.005852191,0.0009171748,0,0
0.348651,17.934491,-18.895268,-2.199739,4.842051E+028,-0.005329676,-0.0008715961,0.005615194,0.0009182888,0,0
0.34965,17.155352,-18.074389,-2.188504,4.976331E+028,-0.005104575,-0.0008726281,0.005378035,0.000919376,0,0
0.350649,16.377778,-17.255159,-2.177209,5.106122E+028,-0.004879327,-0.0008736346,0.00514072,0.0009204365,0,0
0.351648,15.601774,-16.437583,-2.165663,5.233557E+028,-0.004653938,-0.0008746158,0.004903256,0.0009214702,0,0
0.352647,14.827342,-15.621664,-2.15426,5.35434E+028,-0.004428415,-0.0008755715,0.004665652,0.0009224772,0,0
0.353646,14.054486,-14.807405,-2.142672,5.472055E+028,-0.004202764,-0.0008765019,0.004427912,0.0009234574,0,0
0.354645,13.28321,-13.99481,-2.131265,5.583111E+028,-0.003976993,-0.000877407,0.004190046,0.0009244109,0,0
0.355644,12.513516,-13.183883,-2.119977,5.688424E+028,-0.003751108,-0.0008782867,0.00395206,0.0009253378,0,0
0.356643,11.745407,-12.374625,-2.108555,5.790455E+028,-0.003525115,-0.0008791411,0.003713961,0.000926238,0,0
0.357642,10.978886,-11.567041,-2.097546,5.884603E+028,-0.003299022,-0.0008799703,0.003475756,0.0009271115,0,0
0.358641,10.213956,-10.761132,-2.086622,5.974063E+028,-0.003072836,-0.0008807741,0.003237452,0.0009279584,0,0
0.35964,9.450618,-9.956901,-2.075796,6.058915E+028,-0.002846561,-0.0008815527,0.002999056,0.0009287788,0,0
0.360639,8.688876,-9.154351,-2.065304,6.137636E+028,-0.002620207,-0.0008823061,0.002760575,0.0009295725,0,0
0.361638,7.92873,-8.353484,-2.055217,6.210132E+028,-0.002393778,-0.0008830342,0.002522016,0.0009303397,0,0
0.362637,7.170184,-7.554301,-2.045554,6.276711E+028,-0.002167282,-0.0008837372,0.002283386,0.0009310803,0,0
0.363636,6.413239,-6.756805,-2.036165,6.338787E+028,-0.001940725,-0.000884415,0.002044693,0.0009317944,0,0
0.364635,5.657896,-5.960998,-2.027345,6.394799E+028,-0.001714114,-0.0008850677,0.001805941,0.000932482,0,0
0.365634,4.904157,-5.16688,-2.019152,6.444872E+028,-0.001487455,-0.0008856952,0.00156714,0.0009331431,0,0
0.366633,4.152024,-4.374454,-2.011864,6.487863E+028,-0.001260755,-0.0008862976,0.001328295,0.0009337778,0,0
0.367632,3.401498,-3.583721,-2.005411,6.524726E+028,-0.00103402,-0.000886875,0.001089413,0.0009343861,0,0
0.368631,2.652579,-2.794681,-1.999768,6.556054E+028,-0.0008072561,-0.0008874273,0.000850502,0.000934968,0,0
0.36963,1.905269,-2.007337,-1.995621,6.578543E+028,-0.0005804708,-0.0008879545,0.0006115675,0.0009355235,0,0
0.370629,1.159569,-1.221689,-1.992921,6.592947E+028,-0.00035367,-0.0008884568,0.0003726167,0.0009360527,0,0
0.371628,0.41548,-0.437737,-1.991477,6.600571E+028,-0.0001268602,-0.0008889341,0.0001336563,0.0009365555,0,0
0.372627,-0.326999,0.344517,-1.991399,6.600983E+028,9.995229E-05,-0.0008893864,-0.0001053069,0.0009370321,0,0
0.373626,-1.067866,1.125073,-1.99264,6.594436E+028,0.0003267611,-0.0008898138,-0.0003442662,0.0009374823,0,0
0.374625,-1.80712,1.90393,-1.995351,6.57999E+028,0.0005535599,-0.0008902162,-0.0005832149,0.0009379064,0,0
0.375624,-2.544762,2.681089,-1.999406,6.558037E+028,0.0007803424,-0.0008905938,-0.0008221464,0.0009383042,0,0
0.376623,-3.280792,3.456549,-2.004771,6.528322E+028,0.001007102,-0.0008909466,-0.001061054,0.0009386759,0,0
0.377622,-4.015209,4.23031,-2.011054,6.492549E+028,0.001233833,-0.0008912745,-0.001299931,0.0009390214,0,0
0.378621,-4.748014,5.002372,-2.018413,6.449299E+028,0.001460529,-0.0008915776,-0.001538771,0.0009393407,0,0
0.37962,-5.479206,5.772735,-2.026474,6.400213E+028,0.001687183,-0.000891856,-0.001777568,0.000939634,0,0
0.380619,-6.208785,6.541399,-2.035111,6.345594E+028,0.001913789,-0.0008921096,-0.002016314,0.0009399012,0,0
0.381618,-6.936753,7.308365,-2.044356,6.284776E+028,0.002140342,-0.0008923385,-0.002255003,0.0009401424,0,0
0.382617,-7.66311,8.073633,-2.054218,6.217144E+028,0.002366834,-0.0008925427,-0.002493629,0.0009403575,0,0
0.383616,-8.387855,8.837204,-2.064333,6.144752E+028,0.002593261,-0.0008927223,-0.002732185,0.0009405467,0,0
0.384615,-9.11099,9.599079,-2.074738,6.067013E+028,0.002819614,-0.0008928772,-0.002970665,0.00094071,0,0
0.385614,-9.832515,10.359257,-2.085344,5.984278E+028,0.00304589,-0.0008930076,-0.003209062,0.0009408473,0,0
0.386613,-10.552431,11.11774,-2.09644,5.893842E+028,0.00327208,-0.0008931134,-0.00344737,0.0009409587,0,0
0.387612,-11.27074,11.874529,-2.107504,5.799619E+028,0.00349818,-0.0008931946,-0.003685583,0.0009410443,0,0
0.388611,-11.987441,12.629625,-2.118658,5.700432E+028,0.003724183,-0.0008932514,-0.003923693,0.0009411041,0,0
0.38961,-12.702536,13.383029,-2.130182,5.593408E+028,0.003950083,-0.0008932836,-0.004161695,0.0009411381,0,0
0.390609,-13.416026,14.134742,-2.141596,5.482735E+028,0.004175874,-0.0008932915,-0.004399582,0.0009411464,0,0
0.391608,-14.127912,14.884765,-2.153069,5.366669E+028,0.00440155,-0.0008932749,-0.004637348,0.0009411289,0,0
0.392607,-14.838196,15.6331,-2.164533,5.245749E+028,0.004627106,-0.0008932339,-0.004874986,0.0009410858,0,0
0.393606,-15.546879,16.379747,-2.175897,5.120864E+028,0.004852534,-0.0008931686,-0.005112491,0.000941017,0,0
0.394605,-16.253962,17.12471,-2.187329,4.990064E+028,0.005077829,-0.000893079,-0.005349855,0.0009409226,0,0
0.395604,-16.959446,17.867988,-2.198722,4.854419E+028,0.005302985,-0.0008929652,-0.005587074,0.0009408026,0,0
0.396603,-17.663334,18.609584,-2.209848,4.716722E+028,0.005527997,-0.000892827,-0.005824139,0.0009406571,0,0
0.397602,-18.365626,19.349499,-2.221048,4.572751E+028,0.005752857,-0.0008926647,-0.006061046,0.000940486,0,0
0.398601,-19.066325,20.087736,-2.231976,4.426956E+028,0.005977561,-0.0008924782,-0.006297788,0.0009402895,0,0
0.3996,-19.765432,20.824295,-2.242817,4.277009E+028,0.006202103,-0.0008922676,-0.006534358,0.0009400676,0,0
0.400599,-20.46295,21.559179,-2.2535,4.123944E+028,0.006426476,-0.0008920328,-0.006770751,0.0009398203,0,0
0.401598,-21.158879,22.29239,-2.263972,3.968655E+028,0.006650674,-0.000891774,-0.00700696,0.0009395476,0,0
0.402597,-21.853221,23.02393,-2.274215,3.811644E+028,0.006874693,-0.0008914912,-0.00724298,0.0009392496,0,0
0.403596,-22.54598,23.7538,-2.284184,3.653841E+028,0.007098525,-0.0008911843,-0.007478803,0.0009389263,0,0
0.404595,-23.237156,24.482003,-2.293914,3.494965E+028,0.007322166,-0.0008908535,-0.007714425,0.0009385778,0,0
0.405594,-23.926751,25.208542,-2.303464,3.334259E+028,0.007545609,-0.0008904988,-0.007949839,0.0009382041,0,0
0.406593,-24.614769,25.933417,-2.312857,3.171507E+028,0.007768849,-0.0008901202,-0.008185038,0.0009378052,0,0
0.407592,-25.30121,26.656632,-2.322148,3.005838E+028,0.00799188,-0.0008897177,-0.008420017,0.0009373811,0,0
0.408591,-25.986078,27.378189,-2.330951,2.844469E+028,0.008214697,-0.0008892914,-0.00865477,0.000936932,0,0
0.40959,-26.669374,28.09809,-2.339728,2.679255E+028,0.008437292,-0.0008888414,-0.00888929,0.0009364579,0,0
0.410589,-27.3511,28.816338,-2.348117,2.517226E+028,0.008659662,-0.0008883676,-0.009123572,0.0009359587,0,0
0.411588,-28.03126,29.532934,-2.356321,2.354807E+028,0.008881799,-0.0008878701,-0.00935761,0.0009354345,0,0
0.412587,-28.709855,30.247882,-2.364222,2.194616E+028,0.009103699,-0.0008873489,-0.009591397,0.0009348855,0,0
0.413586,-29.386887,30.961184,-2.371801,2.037382E+028,0.009325356,-0.0008868042,-0.009824928,0.0009343115,0,0
0.414585,-30.06236,31.672843,-2.379068,1.883344E+028,0.009546764,-0.0008862358,-0.0100582,0.0009337127,0,0
0.415584,-30.736275,32.382861,-2.386204,1.72886E+028,0.009767917,-0.0008856439,-0.0102912,0.0009330891,0,0
0.416583,-31.408635,33.09124,-2.392905,1.580849E+028,0.00998881,-0.0008850285,-0.01052392,0.0009324407,0,0
0.417582,-32.079443,33.797984,-2.399279,1.437385E+028,0.01020944,-0.0008843896,-0.01075637,0.0009317677,0,0
0.418581,-32.7487,34.503095,-2.40542,1.296674E+028,0.01042979,-0.0008837274,-0.01098853,0.0009310699,0,0
0.41958,-33.416411,35.206576,-2.41117,1.162646E+028,0.01064987,-0.0008830417,-0.0112204,0.0009303475,0,0
0.420579,-34.082577,35.908429,-2.416632,1.0333E+028,0.01086967,-0.0008823327,-0.01145197,0.0009296005,0,0
0.421578,-34.7472,36.608657,-2.421818,9.085887E+027,0.01108918,-0.0008816004,-0.01168324,0.000928829,0,0
0.422577,-35.410284,37.307264,-2.426557,7.930429E+027,0.01130839,-0.0008808448,-0.0119142,0.000928033,0,0
0.423576,-36.071831,38.004251,-2.431008,6.831011E+027,0.01152731,-0.0008800661,-0.01214485,0.0009272125,0,0
0.424575,-36.731845,38.699622,-2.435235,5.774263E+027,0.01174592,-0.0008792641,-0.01237517,0.0009263676,0,0
0.425574,-37.390326,39.39338,-2.438999,4.822458E+027,0.01196423,-0.0008784391,-0.01260517,0.0009254983,0,0
0.426573,-38.047279,40.085526,-2.442425,3.947352E+027,0.01218221,-0.0008775909,-0.01283483,0.0009246047,0,0
0.427572,-38.702706,40.776065,-2.445588,3.131999E+027,0.01239988,-0.0008767197,-0.01306416,0.0009236868,0,0
0.428571,-39.35661,41.465,-2.44832,2.42207E+027,0.01261722,-0.0008758255,-0.01329314,0.0009227447,0,0
0.42957,-40.008993,42.152332,-2.450709,1.796923E+027,0.01283423,-0.0008749083,-0.01352178,0.0009217784,0,0
0.430569,-40.659858,42.838065,-2.452755,1.258028E+027,0.0130509,-0.0008739682,-0.01375005,0.0009207879,0,0
0.431568,-41.309209,43.522202,-2.454444,8.10811E+026,0.01326723,-0.0008730053,-0.01397797,0.0009197734,0,0
0.432567,-41.957047,44.204746,-2.455694,4.787047E+026,0.01348321,-0.0008720195,-0.01420552,0.0009187348,0,0
0.433566,-42.603376,44.8857,-2.456516,2.595194E+026,0.01369884,-0.0008710109,-0.0144327,0.0009176722,0,0
0.434565,-43.248198,45.565066,-2.457487,0,0.0139141,-0.0008699796,-0.0146595,0.0009165857,0,0
0.435564,-43.891517,46.242848,-2.457487,0,0.01412901,-0.0008689256,-0.01488592,0.0009154752,0,0
0.436563,-44.533334,46.919048,-2.457487,0,0.01434355,-0.000867849,-0.01511195,0.0009143409,0,0
0.437562,-45.173653,47.59367,-2.457487,0,0.01455771,-0.0008667498,-0.01533759,0.0009131828,0,0
0.438561,-45.812477,48.266717,-2.457487,0,0.01477149,-0.000865628,-0.01556282,0.0009120009,0,0
0.43956,-46.449808,48.938191,-2.457487,0,0.01498489,-0.0008644837,-0.01578765,0.0009107953,0,0
0.440559,-47.085649,49.608095,-2.457487,0,0.01519789,-0.0008633169,-0.01601207,0.000909566,0,0
0.441558,-47.720004,50.276432,-2.457487,0,0.0154105,-0.0008621277,-0.01623607,0.0009083131,0,0
0.442557,-48.352873,50.943206,-2.457487,0,0.01562272,-0.0008609162,-0.01645965,0.0009070367,0,0
0.443556,-48.984262,51.608419,-2.457487,0,0.01583452,-0.0008596823,-0.0166828,0.0009057367,0,0
0.444555,-49.614172,52.272074,-2.457487,0,0.01604591,-0.0008584261,-0.01690551,0.0009044132,0,0
0.445554,-50.242606,52.934174,-2.457487,0,0.01625689,-0.0008571478,-0.01712779,0.0009030664,0,0
0.446553,-50.869566,53.594721,-2.457487,0,0.01646744,-0.0008558472,-0.01734963,0.0009016962,0,0
0.447552,-51.495056,54.25372,-2.457487,0,0.01667757,-0.0008545245,-0.01757101,0.0009003026,0,0
0.448551,-52.119079,54.911172,-2.457487,0,0.01688727,-0.0008531797,-0.01779194,0.0008988858,0,0
0.44955,-52.741636,55.567081,-2.457487,0,0.01709653,-0.0008518129,-0.01801241,0.0008974458,0,0
0.450549,-53.362731,56.221449,-2.457487,0,0.01730535,-0.0008504242,-0.01823242,0.0008959826,0,0
0.451548,-53.982366,56.874279,-2.457487,0,0.01751372,-0.0008490134,-0.01845195,0.0008944963,0,0
0.452547,-54.600544,57.525574,-2.457487,0,0.01772163,-0.0008475808,-0.01867101,0.0008929869,0,0
0.453546,-55.217268,58.175336,-2.457487,0,0.01792909,-0.0008461264,-0.01888958,0.0008914546,0,0
0.454545,-55.832541,58.82357,-2.457487,0,0.01813609,-0.0008446502,-0.01910767,0.0008898993,0,0
0.455544,-56.446364,59.470276,-2.457487,0,0.01834262,-0.0008431522,-0.01932526,0.0008883211,0,0
0.456543,-57.05874,60.115458,-2.457487,0,0.01854868,-0.0008416325,-0.01954236,0.00088672,0,0
0.457542,-57.669672,60.759119,-2.457487,0,0.01875426,-0.0008400912,-0.01975895,0.0008850961,0,0
0.458541,-58.279163,61.401261,-2.457487,0,0.01895935,-0.0008385284,-0.01997503,0.0008834495,0,0
0.45954,-58.887215,62.041888,-2.457487,0,0.01916396,-0.000836944,-0.0201906,0.0008817803,0,0
0.460539,-59.493831,62.681,-2.457487,0,0.01936808,-0.0008353381,-0.02040565,0.0008800883,0,0
0.461538,-60.099012,63.318602,-2.457487,0,0.01957169,-0.0008337108,-0.02062018,0.0008783738,0,0
0.462537,-60.702762,63.954695,-2.457487,0,0.01977481,-0.0008320621,-0.02083417,0.0008766368,0,0
0.463536,-61.305082,64.589283,-2.457487,0,0.01997742,-0.000830392,-0.02104764,0.0008748773,0,0
0.464535,-61.905976,65.222367,-2.457487,0,0.02017951,-0.0008287008,-0.02126056,0.0008730954,0,0
0.465534,-62.505445,65.853951,-2.457487,0,0.02038109,-0.0008269882,-0.02147293,0.0008712912,0,0
0.466533,-63.103491,66.484035,-2.457487,0,0.02058214,-0.0008252546,-0.02168476,0.0008694646,0,0
0.467532,-63.700118,67.112624,-2.457487,0,0.02078267,-0.0008234998,-0.02189603,0.0008676158,0,0
0.468531,-64.295326,67.739719,-2.457487,0,0.02098266,-0.0008217239,-0.02210673,0.0008657448,0,0
0.46953,-64.889119,68.365322,-2.457487,0,0.02118212,-0.000819927,-0.02231688,0.0008638517,0,0
0.470529,-65.481499,68.989436,-2.457487,0,0.02138103,-0.0008181092,-0.02252645,0.0008619365,0,0
0.471528,-66.072467,69.612063,-2.457487,0,0.0215794,-0.0008162705,-0.02273544,0.0008599993,0,0
0.472527,-66.662026,70.233206,-2.457487,0,0.02177722,-0.0008144109,-0.02294385,0.0008580401,0,0
0.473526,-67.250177,70.852865,-2.457487,0,0.02197447,-0.0008125306,-0.02315168,0.000856059,0,0
0.474525,-67.836923,71.471044,-2.457487,0,0.02217117,-0.0008106295,-0.02335891,0.0008540561,0,0
0.475524,-68.422266,72.087744,-2.457487,0,0.0223673,-0.0008087077,-0.02356555,0.0008520313,0,0
0.476523,-69.006207,72.702968,-2.457487,0,0.02256286,-0.0008067653,-0.02377158,0.0008499849,0,0
0.477522,-69.588748,73.316717,-2.457487,0,0.02275784,-0.0008048024,-0.02397701,0.0008479168,0,0
0.478521,-70.169891,73.928993,-2.457487,0,0.02295224,-0.0008028189,-0.02418183,0.000845827,0,0
0.47952,-70.749639,74.539798,-2.457487,0,0.02314606,-0.000800815,-0.02438602,0.0008437158,0,0
0.480519,-71.327991,75.149134,-2.457487,0,0.02333928,-0.0007987906,-0.0245896,0.000841583,0,0
0.481518,-71.904951,75.757002,-2.457487,0,0.02353191,-0.0007967459,-0.02479255,0.0008394288,0,0
0.482517,-72.48052,76.363405,-2.457487,0,0.02372394,-0.000794681,-0.02499486,0.0008372532,0,0
0.483516,-73.054699,76.968344,-2.457487,0,0.02391536,-0.0007925958,-0.02519654,0.0008350563,0,0
0.484515,-73.62749,77.57182,-2.457487,0,0.02410618,-0.0007904904,-0.02539758,0.0008328381,0,0
0.485514,-74.198895,78.173835,-2.457487,0,0.02429638,-0.0007883649,-0.02559797,0.0008305988,0,0
0.486513,-74.768913,78.774391,-2.457487,0,0.02448596,-0.0007862194,-0.02579771,0.0008283383,0,0
0.487512,-75.337548,79.373488,-2.457487,0,0.02467491,-0.0007840538,-0.02599678,0.0008260567,0,0
0.488511,-75.904801,79.971129,-2.457487,0,0.02486324,-0.0007818684,-0.0261952,0.0008237542,0,0
0.48951,-76.470671,80.567314,-2.457487,0,0.02505094,-0.000779663,-0.02639295,0.0008214307,0,0
0.490509,-77.035161,81.162045,-2.457487,0,0.02523799,-0.0007774378,-0.02659003,0.0008190863,0,0
0.491508,-77.598272,81.755323,-2.457487,0,0.02542441,-0.0007751929,-0.02678643,0.0008167211,0,0
0.492507,-78.160005,82.347148,-2.457487,0,0.02561018,-0.0007729282,-0.02698215,0.0008143351,0,0
0.493506,-78.720361,82.937523,-2.457487,0,0.02579529,-0.0007706439,-0.02717718,0.0008119284,0,0
0.494505,-79.27934,83.526447,-2.457487,0,0.02597975,-0.00076834,-0.02737152,0.0008095011,0,0
0.495504,-79.836944,84.113923,-2.457487,0,0.02616355,-0.0007660166,-0.02756516,0.0008070532,0,0
0.496503,-80.393173,84.69995,-2.457487,0,0.02634668,-0.0007636737,-0.02775811,0.0008045848,0,0
0.497502,-80.948027,85.284529,-2.457487,0,0.02652914,-0.0007613115,-0.02795034,0.000802096,0,0
0.498501,-81.501509,85.867661,-2.457487,0,0.02671092,-0.0007589298,-0.02814187,0.0007995868,0,0
0.4995,-82.053618,86.449347,-2.457487,0,0.02689203,-0.0007565289,-0.02833267,0.0007970573,0,0
0.5005,-82.604354,87.029588,-2.457487,0,0.02707245,-0.0007541088,-0.02852276,0.0007945075,0,0
0.501499,-83.153719,87.608382,-2.457487,0,0.02725218,-0.0007516695,-0.02871212,0.0007919376,0,0
0.502498,-83.701712,88.185732,-2.457487,0,0.02743122,-0.0007492112,-0.02890075,0.0007893475,0,0
0.503497,-84.248334,88.761638,-2.457487,0,0.02760957,-0.0007467338,-0.02908865,0.0007867373,0,0
0.504496,-84.793585,89.336099,-2.457487,0,0.0277872,-0.0007442374,-0.02927581,0.0007841072,0,0
0.505495,-85.337466,89.909116,-2.457487,0,0.02796414,-0.0007417221,-0.02946222,0.0007814572,0,0
0.506494,-85.879975,90.480688,-2.457487,0,0.02814036,-0.0007391879,-0.02964788,0.0007787873,0,0
0.507493,-86.421114,91.050817,-2.457487,0,0.02831586,-0.000736635,-0.02983278,0.0007760976,0,0
0.508492,-86.960882,91.619501,-2.457487,0,0.02849064,-0.0007340634,-0.03001693,0.0007733882,0,0
0.509491,-87.499279,92.186741,-2.457487,0,0.0286647,-0.0007314731,-0.03020031,0.0007706591,0,0
0.51049,-88.036305,92.752536,-2.457487,0,0.02883803,-0.0007288642,-0.03038293,0.0007679105,0,0
0.511489,-88.57196,93.316886,-2.457487,0,0.02901063,-0.0007262368,-0.03056477,0.0007651423,0,0
0.512488,-89.106242,93.879791,-2.457487,0,0.02918248,-0.0007235909,-0.03074583,0.0007623547,0,0
0.513487,-89.639153,94.44125,-2.457487,0,0.02935359,-0.0007209266,-0.03092611,0.0007595477,0,0
0.514486,-90.17069,95.001263,-2.457487,0,0.02952396,-0.000718244,-0.0311056,0.0007567213,0,0
0.515485,-90.700854,95.559828,-2.457487,0,0.02969357,-0.0007155431,-0.0312843,0.0007538758,0,0
0.516484,-91.229643,96.116945,-2.457487,0,0.02986243,-0.000712824,-0.0314622,0.000751011,0,0
0.517483,-91.757057,96.672614,-2.457487,0,0.03003052,-0.0007100868,-0.0316393,0.0007481271,0,0
0.518482,-92.283096,97.226833,-2.457487,0,0.03019785,-0.0007073315,-0.0318156,0.0007452242,0,0
0.519481,-92.807757,97.779601,-2.457487,0,0.03036441,-0.0007045582,-0.03199108,0.0007423024,0,0
0.52048,-93.331041,98.330918,-2.457487,0,0.0305302,-0.000701767,-0.03216575,0.0007393616,0,0
0.521479,-93.852945,98.880781,-2.457487,0,0.03069521,-0.0006989579,-0.03233959,0.000736402,0,0
0.522478,-94.373468,99.42919,-2.457487,0,0.03085943,-0.000696131,-0.03251262,0.0007334237,0,0
0.523477,-94.89261,99.976143,-2.457487,0,0.03102287,-0.0006932863,-0.03268481,0.0007304266,0,0
0.524476,-95.410369,100.521638,-2.457487,0,0.03118552,-0.000690424,-0.03285617,0.000727411,0,0
0.525475,-95.926742,101.065675,-2.457487,0,0.03134736,-0.0006875441,-0.03302669,0.0007243768,0,0
0.526474,-96.44173,101.608251,-2.457487,0,0.03150841,-0.0006846467,-0.03319636,0.0007213242,0,0
0.527473,-96.955329,102.149364,-2.457487,0,0.03166866,-0.0006817317,-0.03336519,0.0007182531,0,0
0.528472,-97.467538,102.689013,-2.457487,0,0.03182809,-0.0006787995,-0.03353317,0.0007151637,0,0
0.529471,-97.978355,103.227196,-2.457487,0,0.03198671,-0.0006758498,-0.03370029,0.0007120561,0,0
0.53047,-98.487779,103.76391,-2.457487,0,0.03214452,-0.000672883,-0.03386655,0.0007089303,0,0
0.531469,-98.995806,104.299153,-2.457487,0,0.0323015,-0.0006698989,-0.03403194,0.0007057863,0,0
0.532468,-99.502435,104.832923,-2.457487,0,0.03245765,-0.0006668977,-0.03419646,0.0007026244,0,0
0.533467,-100.007664,105.365217,-2.457487,0,0.03261298,-0.0006638795,-0.0343601,0.0006994445,0,0
0.534466,-100.511489,105.896033,-2.457487,0,0.03276747,-0.0006608443,-0.03452287,0.0006962467,0,0
0.535465,-101.013909,106.425369,-2.457487,0,0.03292112,-0.0006577922,-0.03468475,0.0006930311,0,0
0.536464,-101.514921,106.953221,-2.457487,0,0.03307392,-0.0006547233,-0.03484574,0.0006897977,0,0
0.537463,-102.014522,107.479586,-2.457487,0,0.03322588,-0.0006516376,-0.03500584,0.0006865467,0,0
0.538462,-102.51271,108.004462,-2.457487,0,0.03337699,-0.0006485352,-0.03516504,0.0006832781,0,0
0.539461,-103.00948,108.527845,-2.457487,0,0.03352724,-0.0006454162,-0.03532334,0.0006799921,0,0
0.54046,-103.504831,109.049733,-2.457487,0,0.03367663,-0.0006422806,-0.03548073,0.0006766885,0,0
0.541459,-103.99876,109.570122,-2.457487,0,0.03382515,-0.0006391286,-0.03563721,0.0006733677,0,0
0.542458,-104.491262,110.089008,-2.457487,0,0.0339728,-0.0006359602,-0.03579278,0.0006700295,0,0
0.543457,-104.982334,110.606388,-2.457487,0,0.03411959,-0.0006327755,-0.03594742,0.0006666742,0,0
0.544456,-105.471973,111.122258,-2.457487,0,0.03426549,-0.0006295745,-0.03610114,0.0006633017,0,0
0.545455,-105.960176,111.636614,-2.457487,0,0.03441051,-0.0006263573,-0.03625393,0.0006599122,0,0
0.546454,-106.446938,112.149453,-2.457487,0,0.03455465,-0.000623124,-0.03640579,0.0006565057,0,0
0.547453,-106.932256,112.66077,-2.457487,0,0.03469789,-0.0006198747,-0.03655671,0.0006530823,0,0
0.548452,-107.416126,113.170561,-2.457487,0,0.03484024,-0.0006166095,-0.03670669,0.0006496421,0,0
0.549451,-107.898544,113.678823,-2.457487,0,0.0349817,-0.0006133283,-0.03685572,0.0006461852,0,0
0.55045,-108.379505,114.18555,-2.457487,0,0.03512225,-0.0006100314,-0.0370038,0.0006427116,0,0
0.551449,-108.859005,114.690737,-2.457487,0,0.03526189,-0.0006067187,-0.03715092,0.0006392215,0,0
0.552448,-109.33704,115.194381,-2.457487,0,0.03540062,-0.0006033904,-0.03729708,0.0006357149,0,0
0.553447,-109.813605,115.696477,-2.457487,0,0.03553844,-0.0006000465,-0.03744228,0.0006321918,0,0
0.554446,-110.288696,116.197019,-2.457487,0,0.03567534,-0.0005966871,-0.03758652,0.0006286525,0,0
0.555445,-110.762307,116.696002,-2.457487,0,0.03581131,-0.0005933123,-0.03772977,0.0006250969,0,0
0.556444,-111.234434,117.193422,-2.457487,0,0.03594636,-0.0005899221,-0.03787206,0.0006215251,0,0
0.557443,-111.705072,117.689272,-2.457487,0,0.03608047,-0.0005865167,-0.03801336,0.0006179372,0,0
0.558442,-112.174215,118.183548,-2.457487,0,0.03621365,-0.000583096,-0.03815367,0.0006143333,0,0
0.559441,-112.641858,118.676244,-2.457487,0,0.03634589,-0.0005796603,-0.03829299,0.0006107135,0,0
0.56044,-113.107996,119.167353,-2.457487,0,0.03647719,-0.0005762095,-0.03843132,0.0006070779,0,0
0.561439,-113.572624,119.656871,-2.457487,0,0.03660753,-0.0005727438,-0.03856865,0.0006034265,0,0
0.562438,-114.035734,120.144792,-2.457487,0,0.03673693,-0.0005692632,-0.03870498,0.0005997595,0,0
0.563437,-114.497323,120.631108,-2.457487,0,0.03686537,-0.0005657678,-0.0388403,0.0005960768,0,0
0.564436,-114.957383,121.115814,-2.457487,0,0.03699285,-0.0005622577,-0.03897461,0.0005923787,0,0
0.565435,-115.415908,121.598903,-2.457487,0,0.03711936,-0.000558733,-0.0391079,0.0005886651,0,0
0.566434,-115.872893,122.080369,-2.457487,0,0.03724491,-0.0005551937,-0.03924017,0.0005849362,0,0
0.567433,-116.32833,122.560205,-2.457487,0,0.03736948,-0.0005516399,-0.03937142,0.000581192,0,0
0.568432,-116.782214,123.038404,-2.457487,0,0.03749308,-0.0005480717,-0.03950164,0.0005774327,0,0
0.569431,-117.234538,123.514959,-2.457487,0,0.0376157,-0.0005444893,-0.03963082,0.0005736583,0,0
0.57043,-117.685294,123.989863,-2.457487,0,0.03773733,-0.0005408926,-0.03975897,0.000569869,0,0
0.571429,-118.134476,124.463109,-2.457487,0,0.03785797,-0.0005372817,-0.03988608,0.0005660647,0,0
0.572428,-118.582077,124.934689,-2.457487,0,0.03797763,-0.0005336568,-0.04001214,0.0005622456,0,0
0.573427,-119.02809,125.404595,-2.457487,0,0.03809628,-0.0005300179,-0.04013715,0.0005584118,0,0
0.574426,-119.472507,125.87282,-2.457487,0,0.03821394,-0.0005263652,-0.04026111,0.0005545633,0,0
0.575425,-119.915321,126.339356,-2.457487,0,0.03833059,-0.0005226986,-0.04038401,0.0005507003,0,0
0.576424,-120.356523,126.804194,-2.457487,0,0.03844623,-0.0005190182,-0.04050585,0.0005468228,0,0
0.577423,-120.796107,127.267327,-2.457487,0,0.03856086,-0.0005153243,-0.04062662,0.0005429309,0,0
0.578422,-121.234065,127.728747,-2.457487,0,0.03867447,-0.0005116167,-0.04074632,0.0005390248,0,0
0.579421,-121.670387,128.188443,-2.457487,0,0.03878707,-0.0005078957,-0.04086494,0.0005351044,0,0
0.58042,-122.105066,128.646409,-2.457487,0,0.03889864,-0.0005041613,-0.04098249,0.00053117,0,0
0.581419,-122.538093,129.102634,-2.457487,0,0.03900918,-0.0005004136,-0.04109896,0.0005272215,0,0
0.582418,-122.969461,129.557111,-2.457487,0,0.03911869,-0.0004966527,-0.04121433,0.0005232591,0,0
0.583417,-123.399159,130.009829,-2.457487,0,0.03922716,-0.0004928787,-0.04132862,0.0005192829,0,0
0.584416,-123.82718,130.460779,-2.457487,0,0.0393346,-0.0004890916,-0.04144181,0.0005152929,0,0
0.585415,-124.253514,130.909952,-2.457487,0,0.03944099,-0.0004852915,-0.0415539,0.0005112893,0,0
0.586414,-124.678152,131.357339,-2.457487,0,0.03954633,-0.0004814786,-0.04166488,0.0005072721,0,0
0.587413,-125.101084,131.802928,-2.457487,0,0.03965062,-0.0004776529,-0.04177476,0.0005032415,0,0
0.588412,-125.522302,132.246711,-2.457487,0,0.03975386,-0.0004738146,-0.04188353,0.0004991975,0,0
0.589411,-125.941795,132.688677,-2.457487,0,0.03985604,-0.0004699636,-0.04199118,0.0004951402,0,0
0.59041,-126.359553,133.128815,-2.457487,0,0.03995715,-0.0004661001,-0.04209771,0.0004910697,0,0
0.591409,-126.775567,133.567116,-2.457487,0,0.0400572,-0.0004622242,-0.04220312,0.0004869862,0,0
0.592408,-127.189827,134.003567,-2.457487,0,0.04015618,-0.0004583359,-0.0423074,0.0004828896,0,0
0.593407,-127.602321,134.43816,-2.457487,0,0.04025408,-0.0004544354,-0.04241055,0.0004787802,0,0
0.594406,-128.01304,134.870881,-2.457487,0,0.04035091,-0.0004505228,-0.04251256,0.0004746579,0,0
0.595405,-128.421972,135.301721,-2.457487,0,0.04044665,-0.0004465981,-0.04261343,0.000470523,0,0
0.596404,-128.829108,135.730667,-2.457487,0,0.04054131,-0.0004426614,-0.04271316,0.0004663754,0,0
0.597403,-129.234435,136.157708,-2.457487,0,0.04063487,-0.0004387128,-0.04281174,0.0004622153,0,0
0.598402,-129.637943,136.582833,-2.457487,0,0.04072735,-0.0004347525,-0.04290917,0.0004580428,0,0
0.599401,-130.039621,137.006029,-2.457487,0,0.04081873,-0.0004307805,-0.04300544,0.000453858,0,0
0.6004,-130.439456,137.427284,-2.457487,0,0.040909,-0.0004267968,-0.04310056,0.000449661,0,0
0.601399,-130.837437,137.846585,-2.457487,0,0.04099818,-0.0004228017,-0.04319451,0.0004454518,0,0
0.602398,-131.233552,138.263921,-2.457487,0,0.04108624,-0.0004187952,-0.04328729,0.0004412306,0,0
0.603397,-131.627789,138.679278,-2.457487,0,0.04117319,-0.0004147773,-0.0433789,0.0004369975,0,0
0.604396,-132.020136,139.092644,-2.457487,0,0.04125903,-0.0004107482,-0.04346933,0.0004327526,0,0
0.605395,-132.410581,139.504005,-2.457487,0,0.04134375,-0.000406708,-0.04355859,0.000428496,0,0
0.606394,-132.79911,139.913348,-2.457487,0,0.04142734,-0.0004026568,-0.04364666,0.0004242277,0,0
0.607393,-133.185711,140.32066,-2.457487,0,0.04150981,-0.0003985946,-0.04373355,0.0004199479,0,0
0.608392,-133.570371,140.725926,-2.457487,0,0.04159114,-0.0003945216,-0.04381924,0.0004156567,0,0
0.609391,-133.953076,141.129134,-2.457487,0,0.04167134,-0.0003904379,-0.04390374,0.0004113542,0,0
0.61039,-134.333814,141.530269,-2.457487,0,0.04175041,-0.0003863435,-0.04398704,0.0004070405,0,0
0.611389,-134.712571,141.929316,-2.457487,0,0.04182833,-0.0003822386,-0.04406914,0.0004027157,0,0
0.612388,-135.089333,142.326261,-2.457487,0,0.04190511,-0.0003781232,-0.04415003,0.0003983798,0,0
0.613387,-135.464085,142.72109,-2.457487,0,0.04198074,-0.0003739975,-0.04422971,0.0003940331,0,0
0.614386,-135.836815,143.113787,-2.457487,0,0.04205522,-0.0003698616,-0.04430817,0.0003896756,0,0
0.615385,-136.207507,143.504338,-2.457487,0,0.04212854,-0.0003657155,-0.04438542,0.0003853074,0,0
0.616384,-136.576148,143.892727,-2.457487,0,0.0422007,-0.0003615593,-0.04446145,0.0003809285,0,0
0.617383,-136.942722,144.278939,-2.457487,0,0.0422717,-0.0003573932,-0.04453625,0.0003765393,0,0
0.618382,-137.307214,144.662957,-2.457487,0,0.04234153,-0.0003532172,-0.04460982,0.0003721396,0,0
0.619381,-137.669609,145.044767,-2.457487,0,0.04241019,-0.0003490316,-0.04468216,0.0003677297,0,0
0.62038,-138.029893,145.424352,-2.457487,0,0.04247768,-0.0003448362,-0.04475327,0.0003633096,0,0
0.621379,-138.388049,145.801695,-2.457487,0,0.04254399,-0.0003406314,-0.04482313,0.0003588795,0,0
0.622378,-138.744062,146.17678,-2.457487,0,0.04260912,-0.000336417,-0.04489175,0.0003544394,0,0
0.623377,-139.097916,146.54959,-2.457487,0,0.04267306,-0.0003321934,-0.04495912,0.0003499895,0,0
0.624376,-139.449594,146.920108,-2.457487,0,0.04273582,-0.0003279605,-0.04502524,0.0003455299,0,0
0.625375,-139.799081,147.288318,-2.457487,0,0.04279739,-0.0003237185,-0.0450901,0.0003410606,0,0
0.626374,-140.14636,147.654201,-2.457487,0,0.04285776,-0.0003194675,-0.04515371,0.0003365819,0,0
0.627373,-140.491414,148.01774,-2.457487,0,0.04291693,-0.0003152076,-0.04521605,0.0003320937,0,0
0.628372,-140.834226,148.378917,-2.457487,0,0.0429749,-0.0003109389,-0.04527713,0.0003275963,0,0
0.629371,-141.174779,148.737714,-2.457487,0,0.04303167,-0.0003066614,-0.04533693,0.0003230897,0,0
0.63037,-141.513056,149.094112,-2.457487,0,0.04308722,-0.0003023754,-0.04539547,0.0003185741,0,0
0.631369,-141.849038,149.448094,-2.457487,0,0.04314157,-0.0002980809,-0.04545272,0.0003140495,0,0
0.632368,-142.182709,149.79964,-2.457487,0,0.0431947,-0.000293778,-0.0455087,0.0003095161,0,0
0.633367,-142.514051,150.148732,-2.457487,0,0.04324661,-0.0002894668,-0.04556339,0.0003049739,0,0
0.634366,-142.843044,150.49535,-2.457487,0,0.0432973,-0.0002851475,-0.04561679,0.0003004232,0,0
0.635365,-143.16967,150.839474,-2.457487,0,0.04334676,-0.0002808201,-0.04566891,0.000295864,0,0
0.636364,-143.493912,151.181085,-2.457487,0,0.04339499,-0.0002764847,-0.04571972,0.0002912964,0,0
0.637363,-143.815749,151.520164,-2.457487,0,0.04344199,-0.0002721416,-0.04576924,0.0002867206,0,0
0.638362,-144.135163,151.85669,-2.457487,0,0.04348776,-0.0002677907,-0.04581746,0.0002821366,0,0
0.639361,-144.452135,152.190642,-2.457487,0,0.04353229,-0.0002634322,-0.04586437,0.0002775446,0,0
0.64036,-144.766644,152.522,-2.457487,0,0.04357557,-0.0002590662,-0.04590997,0.0002729447,0,0
0.641359,-145.078672,152.850743,-2.457487,0,0.04361761,-0.0002546928,-0.04595427,0.000268337,0,0
0.642358,-145.388197,153.176851,-2.457487,0,0.0436584,-0.0002503121,-0.04599724,0.0002637217,0,0
0.643357,-145.695201,153.500301,-2.457487,0,0.04369793,-0.0002459243,-0.0460389,0.0002590988,0,0
0.644356,-145.999662,153.821072,-2.457487,0,0.04373622,-0.0002415294,-0.04607923,0.0002544685,0,0
0.645355,-146.301559,154.139143,-2.457487,0,0.04377324,-0.0002371276,-0.04611824,0.0002498309,0,0
0.646354,-146.600872,154.45449,-2.457487,0,0.043809,-0.000232719,-0.04615591,0.0002451861,0,0
0.647353,-146.89758,154.767093,-2.457487,0,0.0438435,-0.0002283036,-0.04619226,0.0002405342,0,0
0.648352,-147.191661,155.076928,-2.457487,0,0.04387673,-0.0002238817,-0.04622726,0.0002358754,0,0
0.649351,-147.483093,155.383973,-2.457487,0,0.04390868,-0.0002194533,-0.04626093,0.0002312098,0,0
0.65035,-147.771855,155.688205,-2.457487,0,0.04393936,-0.0002150186,-0.04629326,0.0002265374,0,0
0.651349,-148.057925,155.989599,-2.457487,0,0.04396877,-0.0002105776,-0.04632424,0.0002218586,0,0
0.652348,-148.34128,156.288134,-2.457487,0,0.04399689,-0.0002061305,-0.04635387,0.0002171732,0,0
0.653347,-148.621897,156.583784,-2.457487,0,0.04402373,-0.0002016774,-0.04638215,0.0002124816,0,0
0.654346,-148.899754,156.876527,-2.457487,0,0.04404928,-0.0001972185,-0.04640907,0.0002077837,0,0
0.655345,-149.174828,157.166336,-2.457487,0,0.04407355,-0.0001927537,-0.04643463,0.0002030798,0,0
0.656344,-149.447095,157.453189,-2.457487,0,0.04409651,-0.0001882834,-0.04645883,0.00019837,0,0
0.657343,-149.716532,157.737061,-2.457487,0,0.04411819,-0.0001838075,-0.04648166,0.0001936543,0,0
0.658342,-149.983115,158.017925,-2.457487,0,0.04413856,-0.0001793262,-0.04650313,0.000188933,0,0
0.659341,-150.24682,158.295757,-2.457487,0,0.04415763,-0.0001748396,-0.04652322,0.0001842061,0,0
0.66034,-150.507623,158.570532,-2.457487,0,0.0441754,-0.0001703479,-0.04654193,0.0001794737,0,0
0.661339,-150.765499,158.842222,-2.457487,0,0.04419185,-0.0001658512,-0.04655927,0.0001747361,0,0
0.662338,-151.020424,159.110804,-2.457487,0,0.044207,-0.0001613496,-0.04657523,0.0001699933,0,0
0.663337,-151.272372,159.376249,-2.457487,0,0.04422083,-0.0001568431,-0.0465898,0.0001652455,0,0
0.664336,-151.521318,159.638531,-2.457487,0,0.04423334,-0.0001523321,-0.04660299,0.0001604927,0,0
0.665335,-151.767236,159.897624,-2.457487,0,0.04424454,-0.0001478165,-0.04661478,0.0001557352,0,0
0.666334,-152.010101,160.1535,-2.457487,0,0.04425441,-0.0001432965,-0.04662518,0.0001509731,0,0
0.667333,-152.249888,160.406131,-2.457487,0,0.04426295,-0.0001387722,-0.04663418,0.0001462064,0,0
0.668332,-152.486568,160.655491,-2.457487,0,0.04427017,-0.0001342437,-0.04664178,0.0001414354,0,0
0.669331,-152.720117,160.901551,-2.457487,0,0.04427605,-0.0001297113,-0.04664798,0.0001366601,0,0
0.67033,-152.950506,161.144283,-2.457487,0,0.0442806,-0.0001251749,-0.04665278,0.0001318807,0,0
0.671329,-153.17771,161.383659,-2.457487,0,0.04428382,-0.0001206348,-0.04665616,0.0001270974,0,0
0.672328,-153.4017,161.619649,-2.457487,0,0.04428569,-0.0001160911,-0.04665814,0.0001223102,0,0
0.673327,-153.62245,161.852224,-2.457487,0,0.04428622,-0.0001115438,-0.04665869,0.0001175194,0,0
0.674326,-153.839931,162.081356,-2.457487,0,0.0442854,-0.0001069932,-0.04665784,0.000112725,0,0
0.675325,-154.054115,162.307014,-2.457487,0,0.04428324,-0.0001024394,-0.04665556,0.0001079272,0,0
0.676324,-154.264975,162.52917,-2.457487,0,0.04427973,-9.788239E-05,-0.04665185,0.0001031261,0,0
0.677323,-154.47248,162.747792,-2.457487,0,0.04427486,-9.332245E-05,-0.04664672,9.832186E-05,0,0
0.678322,-154.676603,162.96285,-2.457487,0,0.04426863,-8.875966E-05,-0.04664017,9.351464E-05,0,0
0.679321,-154.877315,163.174314,-2.457487,0,0.04426105,-8.419417E-05,-0.04663218,8.870457E-05,0,0
0.68032,-155.074585,163.382152,-2.457487,0,0.0442521,-7.96261E-05,-0.04662275,8.389178E-05,0,0
0.681319,-155.268385,163.586334,-2.457487,0,0.0442418,-7.505559E-05,-0.04661189,7.907643E-05,0,0
0.682318,-155.458684,163.786828,-2.457487,0,0.04423012,-7.048279E-05,-0.04659959,7.425865E-05,0,0
0.683317,-155.645453,163.983602,-2.457487,0,0.04421707,-6.590781E-05,-0.04658585,6.943859E-05,0,0
0.684316,-155.82866,164.176624,-2.457487,0,0.04420266,-6.133081E-05,-0.04657066,6.461639E-05,0,0
0.685315,-156.008275,164.365861,-2.457487,0,0.04418687,-5.675192E-05,-0.04655402,5.97922E-05,0,0
0.686314,-156.184267,164.551282,-2.457487,0,0.0441697,-5.217128E-05,-0.04653593,5.496617E-05,0,0
0.687313,-156.356606,164.732852,-2.457487,0,0.04415115,-4.758902E-05,-0.04651639,5.013843E-05,0,0
0.688312,-156.525258,164.91054,-2.457487,0,0.04413122,-4.300529E-05,-0.0464954,4.530914E-05,0,0
0.689311,-156.690193,165.084311,-2.457487,0,0.04410991,-3.842023E-05,-0.04647294,4.047845E-05,0,0
0.69031,-156.851379,165.254132,-2.457487,0,0.04408721,-3.383398E-05,-0.04644903,3.564651E-05,0,0
0.691309,-157.008783,165.419968,-2.457487,0,0.04406313,-2.924667E-05,-0.04642365,3.081346E-05,0,0
0.692308,-157.162373,165.581786,-2.457487,0,0.04403765,-2.465846E-05,-0.04639681,2.597945E-05,0,0
0.693307,-157.312116,165.73955,-2.457487,0,0.04401078,-2.006949E-05,-0.0463685,2.114464E-05,0,0
0.694306,-157.457978,165.893227,-2.457487,0,0.04398251,-1.547989E-05,-0.04633871,1.630917E-05,0,0
0.695305,-157.599927,166.04278,-2.457487,0,0.04395284,-1.088982E-05,-0.04630746,1.147321E-05,0,0
0.696304,-157.737929,166.188175,-2.457487,0,0.04392178,-6.299423E-06,-0.04627473,6.636892E-06,0,0
0.697303,-157.871949,166.329375,-2.457487,0,0.04388931,-1.708837E-06,-0.04624052,1.800381E-06,0,0
0.698302,-158.001954,166.466345,-2.457487,0,0.04385544,2.881789E-06,-0.04620484,-3.03617E-06,0,0
0.699301,-158.12791,166.599048,-2.457487,0,0.04382016,7.472306E-06,-0.04616767,-7.872608E-06,0,0
0.7003,-158.249781,166.727448,-2.457487,0,0.04378347,1.206257E-05,-0.04612901,-1.270878E-05,0,0
0.701299,-158.367533,166.851508,-2.457487,0,0.04374537,1.665242E-05,-0.04608887,-1.754452E-05,0,0
0.702298,-158.48113,166.971191,-2.457487,0,0.04370586,2.124173E-05,-0.04604725,-2.237968E-05,0,0
0.703297,-158.590537,167.086459,-2.457487,0,0.04366494,2.583032E-05,-0.04600413,-2.721409E-05,0,0
0.704296,-158.695718,167.197275,-2.457487,0,0.04362259,3.041807E-05,-0.04595952,-3.204761E-05,0,0
0.705295,-158.796638,167.303601,-2.457487,0,0.04357883,3.500481E-05,-0.04591341,-3.688007E-05,0,0
0.706294,-158.893259,167.405398,-2.457487,0,0.04353365,3.959039E-05,-0.04586581,-4.171131E-05,0,0
0.707293,-158.985546,167.502629,-2.457487,0,0.04348704,4.417467E-05,-0.0458167,-4.654117E-05,0,0
0.708292,-159.073461,167.595254,-2.457487,0,0.04343901,4.875748E-05,-0.0457661,-5.136949E-05,0,0
0.709291,-159.156968,167.683234,-2.457487,0,0.04338956,5.333868E-05,-0.045714,-5.61961E-05,0,0
0.71029,-159.236028,167.76653,-2.457487,0,0.04333867,5.79181E-05,-0.04566039,-6.102085E-05,0,0
0.711289,-159.310605,167.845102,-2.457487,0,0.04328636,6.24956E-05,-0.04560527,-6.584357E-05,0,0
0.712288,-159.380661,167.918911,-2.457487,0,0.04323261,6.707101E-05,-0.04554864,-7.06641E-05,0,0
0.713287,-159.446158,167.987916,-2.457487,0,0.04317743,7.164419E-05,-0.04549051,-7.548227E-05,0,0
0.714286,-159.507056,168.052077,-2.457487,0,0.04312081,7.621497E-05,-0.04543086,-8.029791E-05,0,0
0.715285,-159.563318,168.111353,-2.457487,0,0.04306276,8.078319E-05,-0.0453697,-8.511086E-05,0,0
0.716284,-159.614905,168.165704,-2.457487,0,0.04300327,8.53487E-05,-0.04530702,-8.992095E-05,0,0
0.717283,-159.661777,168.215087,-2.457487,0,0.04294234,8.991134E-05,-0.04524283,-9.472802E-05,0,0
0.718282,-159.703896,168.259462,-2.457487,0,0.04287997,9.447094E-05,-0.04517711,-9.953189E-05,0,0
0.719281,-159.741221,168.298786,-2.457487,0,0.04281616,9.902735E-05,-0.04510988,-0.0001043324,0,0
0.72028,-159.773713,168.333019,-2.457487,0,0.0427509,0.0001035804,-0.04504112,-0.0001091294,0,0
0.721279,-159.801331,168.362116,-2.457487,0,0.04268419,0.0001081299,-0.04497085,-0.0001139226,0,0
0.722278,-159.824035,168.386037,-2.457487,0,0.04261604,0.0001126758,-0.04489904,-0.000118712,0,0
0.723277,-159.841785,168.404738,-2.457487,0,0.04254644,0.0001172178,-0.04482571,-0.0001234973,0,0
0.724276,-159.854539,168.418176,-2.457487,0,0.04247539,0.0001217558,-0.04475086,-0.0001282784,0,0
0.725275,-159.862257,168.426307,-2.457487,0,0.04240289,0.0001262896,-0.04467447,-0.0001330552,0,0
0.726274,-159.864898,168.429089,-2.457487,0,0.04232893,0.0001308191,-0.04459655,-0.0001378273,0,0
0.727273,-159.862418,168.426477,-2.457487,0,0.04225352,0.0001353441,-0.0445171,-0.0001425947,0,0
0.728272,-159.854778,168.418427,-2.457487,0,0.04217666,0.0001398644,-0.04443612,-0.0001473571,0,0
0.729271,-159.841934,168.404895,-2.457487,0,0.04209834,0.0001443799,-0.04435361,-0.0001521145,0,0
0.73027,-159.823845,168.385837,-2.457487,0,0.04201856,0.0001488903,-0.04426956,-0.0001568666,0,0
0.731269,-159.800468,168.361207,-2.457487,0,0.04193733,0.0001533956,-0.04418397,-0.0001616132,0,0
0.732268,-159.77176,168.330961,-2.457487,0,0.04185464,0.0001578955,-0.04409685,-0.0001663542,0,0
0.733267,-159.737678,168.295054,-2.457487,0,0.04177048,0.0001623899,-0.04400819,-0.0001710893,0,0
0.734266,-159.69818,168.253439,-2.457487,0,0.04168487,0.0001668786,-0.04391799,-0.0001758185,0,0
0.735265,-159.653221,168.206072,-2.457487,0,0.04159779,0.0001713614,-0.04382625,-0.0001805415,0,0
0.736264,-159.602758,168.152906,-2.457487,0,0.04150925,0.0001758382,-0.04373296,-0.0001852581,0,0
0.737263,-159.546748,168.093895,-2.457487,0,0.04141925,0.0001803088,-0.04363814,-0.0001899682,0,0
0.738262,-159.485146,168.028993,-2.457487,0,0.04132779,0.000184773,-0.04354177,-0.0001946715,0,0
0.739261,-159.417908,167.958153,-2.457487,0,0.04123485,0.0001892306,-0.04344387,-0.000199368,0,0
0.74026,-159.344989,167.881328,-2.457487,0,0.04114046,0.0001936815,-0.04334441,-0.0002040573,0,0
0.741259,-159.266346,167.798472,-2.457487,0,0.0410446,0.0001981255,-0.04324341,-0.0002087393,0,0
0.742258,-159.181933,167.709537,-2.457487,0,0.04094727,0.0002025624,-0.04314087,-0.0002134139,0,0
0.743257,-159.091705,167.614475,-2.457487,0,0.04084847,0.000206992,-0.04303678,-0.0002180808,0,0
0.744256,-158.995618,167.51324,-2.457487,0,0.04074821,0.0002114141,-0.04293115,-0.0002227399,0,0
0.745255,-158.893624,167.405783,-2.457487,0,0.04064647,0.0002158287,-0.04282396,-0.0002273909,0,0
0.746254,-158.785681,167.292056,-2.457487,0,0.04054327,0.0002202354,-0.04271523,-0.0002320337,0,0
0.747253,-158.67174,167.172012,-2.457487,0,0.0404386,0.0002246341,-0.04260496,-0.0002366681,0,0
0.748252,-158.551757,167.045601,-2.457487,0,0.04033247,0.0002290247,-0.04249314,-0.0002412938,0,0
0.749251,-158.425686,166.912776,-2.457487,0,0.04022486,0.0002334069,-0.04237976,-0.0002459108,0,0
0.75025,-158.29348,166.773488,-2.457487,0,0.04011578,0.0002377805,-0.04226484,-0.0002505188,0,0
0.751249,-158.155093,166.627687,-2.457487,0,0.04000524,0.0002421455,-0.04214838,-0.0002551175,0,0
0.752248,-158.010478,166.475325,-2.457487,0,0.03989322,0.0002465015,-0.04203036,-0.0002597069,0,0
0.753247,-157.85959,166.316353,-2.457487,0,0.03977974,0.0002508484,-0.0419108,-0.0002642867,0,0
0.754246,-157.70238,166.150722,-2.457487,0,0.03966479,0.0002551861,-0.04178969,-0.0002688568,0,0
0.755245,-157.538802,165.978381,-2.457487,0,0.03954836,0.0002595143,-0.04166703,-0.0002734168,0,0
0.756244,-157.36881,165.799282,-2.457487,0,0.03943047,0.0002638328,-0.04154282,-0.0002779667,0,0
0.757243,-157.192355,165.613374,-2.457487,0,0.03931111,0.0002681415,-0.04141707,-0.0002825063,0,0
0.758242,-157.009391,165.420609,-2.457487,0,0.03919029,0.0002724402,-0.04128976,-0.0002870352,0,0
0.759241,-156.819871,165.220935,-2.457487,0,0.03906799,0.0002767287,-0.04116092,-0.0002915534,0,0
0.76024,-156.623746,165.014304,-2.457487,0,0.03894422,0.0002810067,-0.04103052,-0.0002960607,0,0
0.761239,-156.42097,164.800664,-2.457487,0,0.03881899,0.0002852742,-0.04089858,-0.0003005567,0,0
0.762238,-156.211494,164.579966,-2.457487,0,0.03869229,0.0002895308,-0.0407651,-0.0003050414,0,0
0.763237,-155.99527,164.35216,-2.457487,0,0.03856413,0.0002937765,-0.04063007,-0.0003095145,0,0
0.764236,-155.772252,164.117194,-2.457487,0,0.0384345,0.000298011,-0.04049349,-0.0003139759,0,0
0.765235,-155.542391,163.875019,-2.457487,0,0.03830341,0.0003022342,-0.04035537,-0.0003184253,0,0
0.766234,-155.305639,163.625584,-2.457487,0,0.03817085,0.0003064457,-0.04021571,-0.0003228625,0,0
0.767233,-155.061948,163.368838,-2.457487,0,0.03803683,0.0003106455,-0.04007451,-0.0003272873,0,0
0.768232,-154.81127,163.104731,-2.457487,0,0.03790134,0.0003148334,-0.03993177,-0.0003316995,0,0
0.769231,-154.553558,162.833212,-2.457487,0,0.0377644,0.0003190091,-0.03978749,-0.0003360989,0,0
0.77023,-154.288762,162.554231,-2.457487,0,0.03762599,0.0003231725,-0.03964167,-0.0003404853,0,0
0.771229,-154.016835,162.267736,-2.457487,0,0.03748613,0.0003273233,-0.03949431,-0.0003448584,0,0
0.772228,-153.737728,161.973678,-2.457487,0,0.0373448,0.0003314613,-0.03934542,-0.0003492182,0,0
0.773227,-153.451394,161.672004,-2.457487,0,0.03720202,0.0003355865,-0.03919499,-0.0003535643,0,0
0.774226,-153.157784,161.362666,-2.457487,0,0.03705779,0.0003396985,-0.03904303,-0.0003578966,0,0
0.775225,-152.856851,161.045611,-2.457487,0,0.0369121,0.0003437971,-0.03888953,-0.0003622148,0,0
0.776224,-152.548545,160.720789,-2.457487,0,0.03676496,0.0003478822,-0.03873451,-0.0003665188,0,0
0.777223,-152.23282,160.38815,-2.457487,0,0.03661636,0.0003519536,-0.03857796,-0.0003708082,0,0
0.778222,-151.909627,160.047642,-2.457487,0,0.03646632,0.000356011,-0.03841987,-0.000375083,0,0
0.779221,-151.578917,159.699216,-2.457487,0,0.03631483,0.0003600543,-0.03826027,-0.0003793429,0,0
0.78022,-151.240644,159.342821,-2.457487,0,0.03616189,0.0003640832,-0.03809914,-0.0003835877,0,0
0.781219,-150.894759,158.978407,-2.457487,0,0.03600751,0.0003680976,-0.03793649,-0.0003878171,0,0
0.782218,-150.541214,158.605922,-2.457487,0,0.03585169,0.0003720972,-0.03777231,-0.000392031,0,0
0.783217,-150.179963,158.225318,-2.457487,0,0.03569442,0.0003760819,-0.03760662,-0.0003962291,0,0
0.784216,-149.810956,157.836543,-2.457487,0,0.03553572,0.0003800513,-0.03743942,-0.0004004112,0,0
0.785215,-149.434148,157.439549,-2.457487,0,0.03537558,0.0003840054,-0.0372707,-0.0004045772,0,0
0.786214,-149.04949,157.034284,-2.457487,0,0.035214,0.000387944,-0.03710047,-0.0004087267,0,0
0.787213,-148.656936,156.6207,-2.457487,0,0.035051,0.0003918667,-0.03692873,-0.0004128596,0,0
0.788212,-148.256438,156.198747,-2.457487,0,0.03488656,0.0003957735,-0.03675548,-0.0004169756,0,0
0.789211,-147.84795,155.768376,-2.457487,0,0.0347207,0.000399664,-0.03658073,-0.0004210746,0,0
0.79021,-147.431424,155.329536,-2.457487,0,0.03455341,0.0004035381,-0.03640448,-0.0004251563,0,0
0.791209,-147.006815,154.88218,-2.457487,0,0.0343847,0.0004073957,-0.03622673,-0.0004292204,0,0
0.792208,-146.574077,154.426259,-2.457487,0,0.03421456,0.0004112363,-0.03604749,-0.0004332669,0,0
0.793207,-146.133162,153.961724,-2.457487,0,0.03404302,0.00041506,-0.03586675,-0.0004372953,0,0
0.794206,-145.684026,153.488527,-2.457487,0,0.03387005,0.0004188664,-0.03568452,-0.0004413056,0,0
0.795205,-145.226622,153.00662,-2.457487,0,0.03369568,0.0004226553,-0.0355008,-0.0004452975,0,0
0.796204,-144.760906,152.515955,-2.457487,0,0.03351989,0.0004264265,-0.0353156,-0.0004492708,0,0
0.797203,-144.286832,152.016484,-2.457487,0,0.03334271,0.0004301799,-0.03512892,-0.0004532253,0,0
0.798202,-143.804356,151.508161,-2.457487,0,0.03316412,0.0004339152,-0.03494076,-0.0004571606,0,0
0.799201,-143.313433,150.990938,-2.457487,0,0.03298413,0.0004376321,-0.03475113,-0.0004610767,0,0
0.8002,-142.814019,150.46477,-2.457487,0,0.03280274,0.0004413306,-0.03456003,-0.0004649733,0,0
0.801199,-142.30607,149.929609,-2.457487,0,0.03261996,0.0004450103,-0.03436746,-0.0004688501,0,0
0.802198,-141.789542,149.385411,-2.457487,0,0.0324358,0.000448671,-0.03417343,-0.0004727069,0,0
0.803197,-141.264393,148.832129,-2.457487,0,0.03225024,0.0004523126,-0.03397794,-0.0004765436,0,0
0.804196,-140.73058,148.269719,-2.457487,0,0.03206331,0.0004559347,-0.03378099,-0.0004803598,0,0
0.805195,-140.188061,147.698136,-2.457487,0,0.031875,0.0004595373,-0.03358259,-0.0004841554,0,0
0.806194,-139.636793,147.117335,-2.457487,0,0.03168532,0.0004631201,-0.03338274,-0.0004879301,0,0
0.807193,-139.076735,146.527274,-2.457487,0,0.03149426,0.0004666829,-0.03318145,-0.0004916837,0,0
0.808192,-138.507846,145.927909,-2.457487,0,0.03130184,0.0004702254,-0.03297872,-0.000495416,0,0
0.809191,-137.930085,145.319196,-2.457487,0,0.03110806,0.0004737474,-0.03277456,-0.0004991267,0,0
0.81019,-137.343412,144.701095,-2.457487,0,0.03091292,0.0004772488,-0.03256896,-0.0005028157,0,0
0.811189,-136.747788,144.073562,-2.457487,0,0.03071642,0.0004807292,-0.03236194,-0.0005064826,0,0
0.812188,-136.143173,143.436558,-2.457487,0,0.03051858,0.0004841886,-0.0321535,-0.0005101272,0,0
0.813187,-135.529529,142.79004,-2.457487,0,0.03031939,0.0004876266,-0.03194364,-0.0005137494,0,0
0.814186,-134.906818,142.133969,-2.457487,0,0.03011887,0.000491043,-0.03173238,-0.0005173489,0,0
0.815185,-134.275002,141.468306,-2.457487,0,0.029917,0.0004944377,-0.0315197,-0.0005209255,0,0
0.816184,-133.634044,140.793011,-2.457487,0,0.02971381,0.0004978105,-0.03130562,-0.0005244789,0,0
0.817183,-132.983909,140.108047,-2.457487,0,0.02950929,0.000501161,-0.03109015,-0.0005280089,0,0
0.818182,-132.32456,139.413375,-2.457487,0,0.02930346,0.000504489,-0.03087328,-0.0005315152,0,0
0.819181,-131.655962,138.70896,-2.457487,0,0.0290963,0.0005077945,-0.03065503,-0.0005349978,0,0
0.82018,-130.978081,137.994763,-2.457487,0,0.02888784,0.0005110771,-0.0304354,-0.0005384562,0,0
0.821179,-130.290883,137.270752,-2.457487,0,0.02867807,0.0005143365,-0.0302144,-0.0005418903,0,0
0.822178,-129.594335,136.536889,-2.457487,0,0.02846701,0.0005175727,-0.02999203,-0.0005452999,0,0
0.823177,-128.888406,135.793142,-2.457487,0,0.02825465,0.0005207854,-0.02976829,-0.0005486846,0,0
0.824176,-128.173063,135.039477,-2.457487,0,0.028041,0.0005239743,-0.0295432,-0.0005520444,0,0
0.825175,-127.448275,134.275862,-2.457487,0,0.02782607,0.0005271393,-0.02931675,-0.0005553789,0,0
0.826174,-126.714014,133.502265,-2.457487,0,0.02760986,0.0005302801,-0.02908896,-0.000558688,0,0
0.827173,-125.970249,132.718655,-2.457487,0,0.02739239,0.0005333965,-0.02885983,-0.0005619713,0,0
0.828172,-125.216952,131.925003,-2.457487,0,0.02717364,0.0005364883,-0.02862938,-0.0005652287,0,0
0.829171,-124.454096,131.121279,-2.457487,0,0.02695364,0.0005395552,-0.02839759,-0.00056846,0,0
0.83017,-123.681654,130.307457,-2.457487,0,0.02673239,0.0005425971,-0.02816449,-0.0005716648,0,0
0.831169,-122.8996,129.483507,-2.457487,0,0.0265099,0.0005456137,-0.02793007,-0.000574843,0,0
0.832168,-122.10791,128.649405,-2.457487,0,0.02628616,0.0005486048,-0.02769435,-0.0005779944,0,0
0.833167,-121.306559,127.805125,-2.457487,0,0.02606119,0.0005515702,-0.02745733,-0.0005811186,0,0
0.834166,-120.495526,126.950643,-2.457487,0,0.025835,0.0005545097,-0.02721902,-0.0005842155,0,0
0.835165,-119.674787,126.085936,-2.457487,0,0.02560759,0.000557423,-0.02697942,-0.0005872849,0,0
0.836164,-118.844322,125.210982,-2.457487,0,0.02537896,0.0005603099,-0.02673855,-0.0005903265,0,0
0.837163,-118.00411,124.325759,-2.457487,0,0.02514913,0.0005631702,-0.02649641,-0.0005933401,0,0
0.838162,-117.154134,123.430249,-2.457487,0,0.02491811,0.0005660038,-0.026253,-0.0005963254,0,0
0.839161,-116.294376,122.524432,-2.457487,0,0.02468589,0.0005688103,-0.02600835,-0.0005992822,0,0
0.84016,-115.424818,121.60829,-2.457487,0,0.02445249,0.0005715895,-0.02576244,-0.0006022104,0,0
0.841159,-114.545445,120.681808,-2.457487,0,0.02421791,0.0005743413,-0.0255153,-0.0006051096,0,0
0.842158,-113.656242,119.74497,-2.457487,0,0.02398217,0.0005770654,-0.02526693,-0.0006079796,0,0
0.843157,-112.757198,118.797762,-2.457487,0,0.02374527,0.0005797616,-0.02501734,-0.0006108203,0,0
0.844156,-111.848298,117.840171,-2.457487,0,0.02350722,0.0005824297,-0.02476653,-0.0006136313,0,0
0.845155,-110.929533,116.872187,-2.457487,0,0.02326802,0.0005850695,-0.02451452,-0.0006164125,0,0
0.846154,-110.000893,115.893798,-2.457487,0,0.02302768,0.0005876807,-0.02426131,-0.0006191636,0,0
0.847153,-109.06237,114.904997,-2.457487,0,0.02278622,0.0005902632,-0.02400691,-0.0006218844,0,0
0.848152,-108.113956,113.905775,-2.457487,0,0.02254364,0.0005928167,-0.02375134,-0.0006245747,0,0
0.849151,-107.155646,112.896127,-2.457487,0,0.02229995,0.000595341,-0.02349459,-0.0006272342,0,0
0.85015,-106.187436,111.876048,-2.457487,0,0.02205516,0.0005978358,-0.02323669,-0.0006298628,0,0
0.851149,-105.209322,110.845536,-2.457487,0,0.02180927,0.0006003011,-0.02297763,-0.0006324601,0,0
0.852148,-104.221303,109.804587,-2.457487,0,0.0215623,0.0006027365,-0.02271743,-0.000635026,0,0
0.853147,-103.223378,108.753202,-2.457487,0,0.02131426,0.0006051419,-0.02245609,-0.0006375602,0,0
0.854146,-102.21555,107.691383,-2.457487,0,0.02106515,0.0006075171,-0.02219364,-0.0006400626,0,0
0.855145,-101.19782,106.619132,-2.457487,0,0.02081498,0.0006098617,-0.02193007,-0.0006425329,0,0
0.856144,-100.170192,105.536453,-2.457487,0,0.02056376,0.0006121757,-0.02166539,-0.0006449709,0,0
0.857143,-99.132673,104.443352,-2.457487,0,0.02031151,0.0006144588,-0.02139962,-0.0006473763,0,0
0.858142,-98.08527,103.339838,-2.457487,0,0.02005822,0.0006167108,-0.02113277,-0.0006497489,0,0
0.859141,-97.027991,102.225919,-2.457487,0,0.01980392,0.0006189316,-0.02086485,-0.0006520886,0,0
0.86014,-95.960847,101.101606,-2.457487,0,0.01954861,0.0006211208,-0.02059586,-0.0006543951,0,0
0.861139,-94.883849,99.966912,-2.457487,0,0.0192923,0.0006232782,-0.02032582,-0.0006566682,0,0
0.862138,-93.797012,98.821852,-2.457487,0,0.019035,0.0006254038,-0.02005473,-0.0006589076,0,0
0.863137,-92.70035,97.66644,-2.457487,0,0.01877673,0.0006274973,-0.01978262,-0.0006611132,0,0
0.864136,-91.59388,96.500695,-2.457487,0,0.01851748,0.0006295584,-0.01950949,-0.0006632847,0,0
0.865135,-90.477622,95.324637,-2.457487,0,0.01825728,0.000631587,-0.01923535,-0.000665422,0,0
0.866134,-89.351595,94.138288,-2.457487,0,0.01799613,0.0006335828,-0.01896021,-0.0006675247,0,0
0.867133,-88.215822,92.941669,-2.457487,0,0.01773404,0.0006355457,-0.01868408,-0.0006695928,0,0
0.868132,-87.070326,91.734807,-2.457487,0,0.01747103,0.0006374755,-0.01840698,-0.000671626,0,0
0.869131,-85.915133,90.517729,-2.457487,0,0.0172071,0.000639372,-0.01812891,-0.000673624,0,0
0.87013,-84.75027,89.290463,-2.457487,0,0.01694227,0.0006412349,-0.0178499,-0.0006755868,0,0
0.871129,-83.575768,88.053041,-2.457487,0,0.01667655,0.0006430641,-0.01756994,-0.000677514,0,0
0.872128,-82.391657,86.805495,-2.457487,0,0.01640995,0.0006448594,-0.01728906,-0.0006794054,0,0
0.873127,-81.19797,85.547861,-2.457487,0,0.01614248,0.0006466206,-0.01700726,-0.0006812609,0,0
0.874126,-79.994742,84.280174,-2.457487,0,0.01587415,0.0006483474,-0.01672455,-0.0006830803,0,0
0.875125,-78.78201,83.002475,-2.457487,0,0.01560498,0.0006500398,-0.01644096,-0.0006848634,0,0
0.876124,-77.559813,81.714803,-2.457487,0,0.01533497,0.0006516975,-0.01615649,-0.0006866099,0,0
0.877123,-76.328192,80.417203,-2.457487,0,0.01506414,0.0006533203,-0.01587115,-0.0006883196,0,0
0.878122,-75.08719,79.109718,-2.457487,0,0.01479251,0.0006549081,-0.01558496,-0.0006899924,0,0
0.879121,-73.836852,77.792397,-2.457487,0,0.01452007,0.0006564606,-0.01529793,-0.0006916281,0,0
0.88012,-72.577223,76.465289,-2.457487,0,0.01424685,0.0006579777,-0.01501007,-0.0006932265,0,0
0.881119,-71.308354,75.128445,-2.457487,0,0.01397286,0.0006594591,-0.0147214,-0.0006947873,0,0
0.882118,-70.030296,73.781919,-2.455709,4.74579E+026,0.01369811,0.0006609048,-0.01443193,-0.0006963104,0,0
0.883117,-68.743101,72.425767,-2.453944,9.43375E+026,0.01342261,0.0006623146,-0.01414168,-0.0006977957,0,0
0.884116,-67.446824,71.060047,-2.451202,1.667368E+027,0.01314638,0.0006636881,-0.01385065,-0.0006992428,0,0
0.885115,-66.141523,69.684819,-2.447436,2.652514E+027,0.01286942,0.0006650254,-0.01355886,-0.0007006517,0,0
0.886114,-64.827258,68.300147,-2.442778,3.856784E+027,0.01259176,0.0006663261,-0.01326632,-0.0007020222,0,0
0.887113,-63.50409,66.906094,-2.437283,5.257515E+027,0.01231341,0.0006675902,-0.01297306,-0.000703354,0,0
0.888112,-62.172082,65.502729,-2.430964,6.842034E+027,0.01203437,0.0006688174,-0.01267907,-0.0007046469,0,0
0.889111,-60.831301,64.09012,-2.423808,8.602746E+027,0.01175467,0.0006700077,-0.01238438,-0.0007059009,0,0
0.89011,-59.481814,62.66834,-2.415875,1.051328E+028,0.01147431,0.0006711607,-0.01208901,-0.0007071158,0,0
0.891109,-58.123693,61.237462,-2.406938,1.261496E+028,0.01119332,0.0006722765,-0.01179296,-0.0007082913,0,0
0.892108,-56.75701,59.797564,-2.397251,1.483325E+028,0.0109117,0.0006733547,-0.01149625,-0.0007094272,0,0
0.893107,-55.381839,58.348723,-2.386563,1.720985E+028,0.01062946,0.0006743952,-0.0111989,-0.0007105235,0,0
0.894106,-53.998258,56.891022,-2.375123,1.967371E+028,0.01034663,0.000675398,-0.01090092,-0.00071158,0,0
0.895105,-52.606345,55.424543,-2.362771,2.224311E+028,0.01006322,0.0006763627,-0.01060232,-0.0007125964,0,0
0.896104,-51.206184,53.949372,-2.349639,2.4874E+028,0.009779237,0.0006772893,-0.01030312,-0.0007135727,0,0
0.897103,-49.797857,52.465599,-2.335572,2.758036E+028,0.0094947,0.0006781777,-0.01000334,-0.0007145086,0,0
0.898102,-48.38145,50.973314,-2.32076,3.030885E+028,0.009209623,0.0006790276,-0.009702996,-0.0007154041,0,0
0.899101,-46.957053,49.472609,-2.304961,3.308642E+028,0.008924022,0.0006798389,-0.009402095,-0.0007162588,0,0
0.9001,-45.524755,47.963582,-2.2884,3.585583E+028,0.008637911,0.0006806115,-0.009100656,-0.0007170728,0,0
0.901099,-44.084651,46.446329,-2.270927,3.862611E+028,0.008351305,0.0006813452,-0.008798696,-0.0007178459,0,0
0.902098,-42.636835,44.920951,-2.252506,4.138405E+028,0.008064219,0.0006820399,-0.00849623,-0.0007185778,0,0
0.903097,-41.181405,43.387552,-2.233288,4.4091E+028,0.007776668,0.0006826955,-0.008193276,-0.0007192684,0,0
0.904096,-39.718461,41.846236,-2.213308,4.672825E+028,0.007488669,0.0006833117,-0.007889847,-0.0007199177,0,0
0.905095,-38.248106,40.297112,-2.192301,4.931528E+028,0.007200236,0.0006838886,-0.007585962,-0.0007205255,0,0
0.906094,-36.770444,38.74029,-2.170608,5.179617E+028,0.006911384,0.0006844259,-0.007281637,-0.0007210915,0,0
0.907093,-35.285583,37.175882,-2.148081,5.417729E+028,0.006622131,0.0006849235,-0.006976888,-0.0007216158,0,0
0.908092,-33.793631,35.604004,-2.125049,5.64166E+028,0.00633249,0.0006853813,-0.006671731,-0.0007220981,0,0
0.909091,-32.2947,34.024774,-2.100782,5.857354E+028,0.006042479,0.0006857991,-0.006366184,-0.0007225384,0,0
0.91009,-30.788905,32.438311,-2.075682,6.059796E+028,0.005752114,0.0006861769,-0.006060263,-0.0007229364,0,0
0.911089,-29.276362,30.844739,-2.049592,6.249227E+028,0.00546141,0.0006865146,-0.005753985,-0.0007232922,0,0
0.912088,-27.757189,29.244182,-2.022744,6.423146E+028,0.005170384,0.0006868119,-0.005447368,-0.0007236054,0,0
0.913087,-26.231508,27.636767,-1.995008,6.581829E+028,0.004879051,0.0006870689,-0.005140429,-0.0007238762,0,0
0.914086,-24.699441,26.022626,-1.966585,6.723729E+028,0.00458743,0.0006872853,-0.004833185,-0.0007241042,0,0
0.915085,-23.161115,24.401889,-1.937115,6.8502E+028,0.004295535,0.0006874612,-0.004525653,-0.0007242894,0,0
0.916084,-21.616657,22.774692,-1.90713,6.958791E+028,0.004003384,0.0006875963,-0.004217851,-0.0007244318,0,0
0.917083,-20.066197,21.141172,-1.876491,7.050317E+028,0.003710993,0.0006876906,-0.003909797,-0.0007245311,0,0
0.918082,-18.509868,19.501468,-1.845156,7.125115E+028,0.00341838,0.0006877439,-0.003601508,-0.0007245874,0,0
0.919081,-16.947804,17.855723,-1.813598,7.182689E+028,0.003125561,0.0006877563,-0.003293002,-0.0007246004,0,0
0.92008,-15.380143,16.20408,-1.78158,7.224319E+028,0.002832553,0.0006877275,-0.002984297,-0.0007245701,0,0
0.921079,-13.807024,14.546686,-1.749178,7.250624E+028,0.002539374,0.0006876576,-0.002675412,-0.0007244964,0,0
0.922078,-12.228588,12.883691,-1.716816,7.262318E+028,0.00224604,0.0006875464,-0.002366364,-0.0007243792,0,0
0.923077,-10.644978,11.215245,-1.684809,7.260757E+028,0.001952569,0.0006873938,-0.002057171,-0.0007242184,0,0
0.924076,-9.056341,9.541502,-1.654089,7.248011E+028,0.001658978,0.0006871997,-0.001747852,-0.000724014,0,0
0.925075,-7.462824,7.862618,-1.624262,7.225976E+028,0.001365285,0.0006869641,-0.001438425,-0.0007237658,0,0
0.926074,-5.864578,6.178752,-1.596077,7.197124E+028,0.001071507,0.000686687,-0.001128909,-0.0007234738,0,0
0.927073,-4.261754,4.490063,-1.572725,7.167764E+028,0.0007776621,0.0006863682,-0.0008193225,-0.0007231379,0,0
0.928072,-2.654508,2.796714,-1.554751,7.142024E+028,0.0004837677,0.0006860076,-0.0005096838,-0.000722758,0,0
0.929071,-1.042995,1.09887,-1.547278,7.130557E+028,0.0001898416,0.0006856053,-0.0002000117,-0.0007223341,0,0
0.93007,0.572626,-0.603303,-1.545881,7.128364E+028,-0.0001040982,0.0006851611,0.0001096748,-0.0007218661,0,0
0.931069,2.192195,-2.309634,-1.552159,7.138096E+028,-0.0003980338,0.0006846749,0.000419357,-0.000721354,0,0
0.932068,3.815548,-4.019953,-1.566506,7.159158E+028,-0.0006919472,0.0006841469,0.0007290158,-0.0007207976,0,0
0.933067,5.442523,-5.734087,-1.588635,7.188285E+028,-0.0009858204,0.0006835768,0.001038632,-0.000720197,0,0
0.934066,7.072951,-7.45186,-1.615788,7.218092E+028,-0.001279635,0.0006829646,0.001348187,-0.000719552,0,0
0.935065,8.706666,-9.173095,-1.644936,7.242223E+028,-0.001573373,0.0006823104,0.001657661,-0.0007188627,0,0
0.936064,10.343496,-10.897612,-1.675534,7.258025E+028,-0.001867017,0.000681614,0.001967036,-0.000718129,0,0
0.937063,11.98327,-12.625231,-1.707497,7.26316E+028,-0.002160547,0.0006808754,0.002276291,-0.0007173509,0,0
0.938062,13.625814,-14.355769,-1.739762,7.255473E+028,-0.002453946,0.0006800946,0.002585407,-0.0007165282,0,0
0.939061,15.270952,-16.089039,-1.77185,7.233829E+028,-0.002747194,0.0006792716,0.002894365,-0.0007156611,0,0
0.94006,16.918507,-17.824856,-1.804137,7.196687E+028,-0.003040274,0.0006784063,0.003203146,-0.0007147495,0,0
0.941059,18.5683,-19.563031,-1.83574,7.144093E+028,-0.003333167,0.0006774987,0.00351173,-0.0007137933,0,0
0.942058,20.220151,-21.303373,-1.867374,7.073977E+028,-0.003625854,0.0006765489,0.003820097,-0.0007127926,0,0
0.943057,21.873876,-23.04569,-1.898038,6.987932E+028,-0.003918317,0.0006755567,0.004128227,-0.0007117473,0,0
0.944056,23.529291,-24.789789,-1.928237,6.884396E+028,-0.004210537,0.0006745222,0.004436102,-0.0007106573,0,0
0.945055,25.186213,-26.535474,-1.957871,6.763251E+028,-0.004502496,0.0006734454,0.004743701,-0.0007095228,0,0
0.946054,26.844453,-28.282549,-1.986426,6.62682E+028,-0.004794174,0.0006723262,0.005051004,-0.0007083437,0,0
0.947053,28.503823,-30.030814,-2.014463,6.472698E+028,-0.005085552,0.0006711648,0.005357992,-0.00070712,0,0
0.948052,30.164134,-31.78007,-2.041533,6.30361E+028,-0.005376613,0.000669961,0.005664645,-0.0007058517,0,0
0.949051,31.825194,-33.530116,-2.067985,6.117846E+028,-0.005667336,0.0006687149,0.005970943,-0.0007045389,0,0
0.95005,33.486812,-35.280748,-2.093385,5.919145E+028,-0.005957704,0.0006674264,0.006276866,-0.0007031814,0,0
0.951049,35.148792,-37.031763,-2.117849,5.707773E+028,-0.006247697,0.0006660958,0.006582395,-0.0007017795,0,0
0.952048,36.810941,-38.782956,-2.14115,5.487142E+028,-0.006537296,0.0006647228,0.006887508,-0.000700333,0,0
0.953047,38.473063,-40.53412,-2.163926,5.252273E+028,-0.006826482,0.0006633076,0.007192187,-0.000698842,0,0
0.954046,40.13496,-42.285047,-2.185875,5.006999E+028,-0.007115237,0.0006618502,0.007496411,-0.0006973065,0,0
0.955045,41.796434,-44.035528,-2.20697,4.752844E+028,-0.007403542,0.0006603507,0.00780016,-0.0006957266,0,0
0.956044,43.457286,-45.785355,-2.227325,4.489658E+028,-0.007691376,0.000658809,0.008103414,-0.0006941023,0,0
0.957043,45.117317,-47.534316,-2.246759,4.221155E+028,-0.007978722,0.0006572252,0.008406154,-0.0006924337,0,0
0.958042,46.776324,-49.282199,-2.26529,3.948746E+028,-0.008265561,0.0006555994,0.008708359,-0.0006907208,0,0
0.959041,48.434107,-51.028791,-2.283068,3.671749E+028,-0.008551872,0.0006539315,0.009010009,-0.0006889636,0,0
0.96004,50.090463,-52.773881,-2.299937,3.39417E+028,-0.008837639,0.0006522218,0.009311083,-0.0006871622,0,0
0.961039,51.745189,-54.517252,-2.315906,3.117655E+028,-0.00912284,0.0006504701,0.009611564,-0.0006853167,0,0
0.962038,53.39808,-56.258692,-2.330985,2.843836E+028,-0.009407458,0.0006486766,0.009911429,-0.0006834271,0,0
0.963037,55.048933,-57.997983,-2.345256,2.572959E+028,-0.009691473,0.0006468414,0.01021066,-0.0006814936,0,0
0.964036,56.697543,-59.734911,-2.358761,2.305734E+028,-0.009974866,0.0006449644,0.01050923,-0.0006795161,0,0
0.965035,58.343704,-61.469259,-2.371333,2.047203E+028,-0.01025762,0.0006430459,0.01080713,-0.0006774948,0,0
0.966034,59.98721,-63.200811,-2.382949,1.799718E+028,-0.01053971,0.0006410858,0.01110434,-0.0006754297,0,0
0.967033,61.627856,-64.929348,-2.393874,1.559203E+028,-0.01082113,0.0006390843,0.01140083,-0.0006733209,0,0
0.968032,63.265434,-66.654654,-2.403814,1.333716E+028,-0.01110184,0.0006370413,0.01169658,-0.0006711686,0,0
0.969031,64.899739,-68.376511,-2.412908,1.121711E+028,-0.01138184,0.0006349572,0.01199159,-0.0006689727,0,0
0.97003,66.530564,-70.094701,-2.421071,9.266781E+027,-0.01166111,0.0006328318,0.01228581,-0.0006667335,0,0
0.971029,68.157701,-71.809007,-2.428615,7.423753E+027,-0.01193962,0.0006306653,0.01257924,-0.000664451,0,0
0.972028,69.780945,-73.51921,-2.435245,5.771754E+027,-0.01221736,0.0006284579,0.01287186,-0.0006621253,0,0
0.973027,71.400088,-75.225093,-2.440991,4.314734E+027,-0.01249431,0.0006262095,0.01316365,-0.0006597565,0,0
0.974026,73.014924,-76.926438,-2.445809,3.074908E+027,-0.01277044,0.0006239205,0.01345458,-0.0006573448,0,0
0.975025,74.625247,-78.623028,-2.449833,2.026497E+027,-0.01304575,0.0006215907,0.01374463,-0.0006548902,0,0
0.976024,76.230849,-80.314645,-2.452984,1.197573E+027,-0.01332021,0.0006192204,0.0140338,-0.000652393,0,0
0.977023,77.831527,-82.001073,-2.455189,6.128398E+026,-0.01359381,0.0006168097,0.01432205,-0.0006498531,0,0
0.978022,79.427073,-83.682095,-2.457487,0,-0.01386652,0.0006143588,0.01460937,-0.0006472708,0,0
0.979021,81.017284,-85.357496,-2.457487,0,-0.01413833,0.0006118676,0.01489574,-0.0006446463,0,0
0.98002,82.601955,-87.027059,-2.457487,0,-0.01440921,0.0006093365,0.01518113,-0.0006419795,0,0
0.981019,84.180881,-88.690571,-2.457487,0,-0.01467916,0.0006067655,0.01546554,-0.0006392708,0,0
0.982018,85.753861,-90.347818,-2.457487,0,-0.01494815,0.0006041547,0.01574894,-0.0006365202,0,0
0.983017,87.320691,-91.998585,-2.457487,0,-0.01521616,0.0006015044,0.01603131,-0.0006337278,0,0
0.984016,88.88117,-93.642661,-2.457487,0,-0.01548318,0.0005988146,0.01631263,-0.000630894,0,0
0.985015,90.435097,-95.279835,-2.457487,0,-0.01574918,0.0005960855,0.01659289,-0.0006280187,0,0
0.986014,91.982273,-96.909895,-2.457487,0,-0.01601416,0.0005933174,0.01687206,-0.0006251022,0,0
0.987013,93.522498,-98.532632,-2.457487,0,-0.01627808,0.0005905102,0.01715012,-0.0006221447,0,0
0.988012,95.055576,-100.147839,-2.457487,0,-0.01654094,0.0005876643,0.01742707,-0.0006191463,0,0
0.989011,96.581308,-101.755307,-2.457487,0,-0.01680272,0.0005847797,0.01770287,-0.0006161072,0,0
0.99001,98.099501,-103.354832,-2.457487,0,-0.0170634,0.0005818567,0.01797751,-0.0006130276,0,0
0.991009,99.60996,-104.946208,-2.457487,0,-0.01732296,0.0005788954,0.01825097,-0.0006099076,0,0
0.992008,101.112492,-106.529232,-2.457487,0,-0.01758138,0.000575896,0.01852324,-0.0006067476,0,0
0.993007,102.606905,-108.103704,-2.457487,0,-0.01783865,0.0005728587,0.01879429,-0.0006035476,0,0
0.994006,104.093011,-109.669422,-2.457487,0,-0.01809474,0.0005697838,0.0190641,-0.0006003079,0,0
0.995005,105.57062,-111.226189,-2.457487,0,-0.01834965,0.0005666712,0.01933267,-0.0005970286,0,0
0.996004,107.039546,-112.773807,-2.457487,0,-0.01860336,0.0005635214,0.01959997,-0.0005937101,0,0
0.997003,108.499603,-114.312082,-2.457487,0,-0.01885584,0.0005603345,0.01986597,-0.0005903524,0,0
0.998002,109.950609,-115.84082,-2.457487,0,-0.01910708,0.0005571106,0.02013068,-0.0005869558,0,0
0.999001,111.392381,-117.35983,-2.457487,0,-0.01935707,0.00055385,0.02039406,-0.0005835206,0,0
1,112.824741,-118.868923,-2.457487,0,-0.01960579,0.000550553,0.0206561,-0.0005800469,0,0
